datetime;date;login;platform;platform_name;publisher_name;rtype;mime;print_identifier;online_identifier;title_id;doi;publication_title;publication_date;unitid;domain;on_campus;log_id;ezpaarse_version;ezpaarse_date;middlewares_version;middlewares_date;platforms_version;platforms_date;middlewares;title;type;subject;geoip-country;geoip-latitude;geoip-longitude;host;identd;url;status;size
2024-01-01T08:03:26+01:00;2024-01-01;e591e92bafecee4646d308146e1f3f36436c7bb8;europresse;Europresse;CEDROM-SNi;ARTICLE;PDF;;;;;;;pdf·20231231·NIC_P·1;nouveau.europresse.com;N;c9888cbac452855883f314074742935ca3129c76;3.9.2;2023-09-25;1df4e1f;2023-07-26;70ae7649;2023-09-22;filter, parser, deduplicator, istex, crossref, sudoc, hal, enhancer, geolocalizer, cut, on-campus-counter, qualifier, anonymizer;;;;FR;43.766;5.3667;29fb2fadc4c8b3d40a99bdec64cb385a14ce0b88;;https://nouveau.europresse.com:443/Pdf/ImageList?docName=pdf%C2%B720231231%C2%B7NIC_P%C2%B71;200;1377
2024-01-01T08:04:03+01:00;2024-01-01;e591e92bafecee4646d308146e1f3f36436c7bb8;europresse;Europresse;CEDROM-SNi;ARTICLE;PDF;;;;;;;pdf·20231231·NIC_P·2;nouveau.europresse.com;N;72f76e236853f56bd3a7029e8d0c06a83aba3b5f;3.9.2;2023-09-25;1df4e1f;2023-07-26;70ae7649;2023-09-22;filter, parser, deduplicator, istex, crossref, sudoc, hal, enhancer, geolocalizer, cut, on-campus-counter, qualifier, anonymizer;;;;FR;43.766;5.3667;29fb2fadc4c8b3d40a99bdec64cb385a14ce0b88;;https://nouveau.europresse.com:443/Pdf/ImageList?docName=pdf%C2%B720231231%C2%B7NIC_P%C2%B72;200;1377
2024-01-01T08:05:06+01:00;2024-01-01;e591e92bafecee4646d308146e1f3f36436c7bb8;europresse;Europresse;CEDROM-SNi;ARTICLE;PDF;;;;;;;pdf·20231231·NIC_P·3;nouveau.europresse.com;N;51bd6291e33f3b6e991389ce50973c847b2b5c7e;3.9.2;2023-09-25;1df4e1f;2023-07-26;70ae7649;2023-09-22;filter, parser, deduplicator, istex, crossref, sudoc, hal, enhancer, geolocalizer, cut, on-campus-counter, qualifier, anonymizer;;;;FR;43.766;5.3667;29fb2fadc4c8b3d40a99bdec64cb385a14ce0b88;;https://nouveau.europresse.com:443/Pdf/ImageList?docName=pdf%C2%B720231231%C2%B7NIC_P%C2%B73;200;1377
2024-01-01T08:06:04+01:00;2024-01-01;e591e92bafecee4646d308146e1f3f36436c7bb8;europresse;Europresse;CEDROM-SNi;ARTICLE;PDF;;;;;;;pdf·20231231·NIC_P·4;nouveau.europresse.com;N;d554bedf150814d2d5c88302a9c76a545651e00f;3.9.2;2023-09-25;1df4e1f;2023-07-26;70ae7649;2023-09-22;filter, parser, deduplicator, istex, crossref, sudoc, hal, enhancer, geolocalizer, cut, on-campus-counter, qualifier, anonymizer;;;;FR;43.766;5.3667;29fb2fadc4c8b3d40a99bdec64cb385a14ce0b88;;https://nouveau.europresse.com:443/Pdf/ImageList?docName=pdf%C2%B720231231%C2%B7NIC_P%C2%B74;200;1377
2024-01-01T08:06:15+01:00;2024-01-01;e591e92bafecee4646d308146e1f3f36436c7bb8;europresse;Europresse;CEDROM-SNi;ARTICLE;PDF;;;;;;;pdf·20231231·NIC_P·5;nouveau.europresse.com;N;1c8edc6db1fb6b866a9647c4f19de69ae1d11dea;3.9.2;2023-09-25;1df4e1f;2023-07-26;70ae7649;2023-09-22;filter, parser, deduplicator, istex, crossref, sudoc, hal, enhancer, geolocalizer, cut, on-campus-counter, qualifier, anonymizer;;;;FR;43.766;5.3667;29fb2fadc4c8b3d40a99bdec64cb385a14ce0b88;;https://nouveau.europresse.com:443/Pdf/ImageList?docName=pdf%C2%B720231231%C2%B7NIC_P%C2%B75;200;1377
2024-01-01T08:06:36+01:00;2024-01-01;e591e92bafecee4646d308146e1f3f36436c7bb8;europresse;Europresse;CEDROM-SNi;ARTICLE;PDF;;;;;;;pdf·20231231·NIC_P·6;nouveau.europresse.com;N;e7f3935ee1e605a0d4057fb73b160162bb09ab84;3.9.2;2023-09-25;1df4e1f;2023-07-26;70ae7649;2023-09-22;filter, parser, deduplicator, istex, crossref, sudoc, hal, enhancer, geolocalizer, cut, on-campus-counter, qualifier, anonymizer;;;;FR;43.766;5.3667;29fb2fadc4c8b3d40a99bdec64cb385a14ce0b88;;https://nouveau.europresse.com:443/Pdf/ImageList?docName=pdf%C2%B720231231%C2%B7NIC_P%C2%B76;200;1377
2024-01-01T08:06:49+01:00;2024-01-01;e591e92bafecee4646d308146e1f3f36436c7bb8;europresse;Europresse;CEDROM-SNi;ARTICLE;PDF;;;;;;;pdf·20231231·NIC_P·7;nouveau.europresse.com;N;67410bccd05ce915a69266a015e7c1267dd2af70;3.9.2;2023-09-25;1df4e1f;2023-07-26;70ae7649;2023-09-22;filter, parser, deduplicator, istex, crossref, sudoc, hal, enhancer, geolocalizer, cut, on-campus-counter, qualifier, anonymizer;;;;FR;43.766;5.3667;29fb2fadc4c8b3d40a99bdec64cb385a14ce0b88;;https://nouveau.europresse.com:443/Pdf/ImageList?docName=pdf%C2%B720231231%C2%B7NIC_P%C2%B77;200;1377
2024-01-01T08:08:04+01:00;2024-01-01;e591e92bafecee4646d308146e1f3f36436c7bb8;europresse;Europresse;CEDROM-SNi;ARTICLE;PDF;;;;;;;pdf·20231231·NIC_P·8;nouveau.europresse.com;N;cda80229408888823909aa468d913826dae933df;3.9.2;2023-09-25;1df4e1f;2023-07-26;70ae7649;2023-09-22;filter, parser, deduplicator, istex, crossref, sudoc, hal, enhancer, geolocalizer, cut, on-campus-counter, qualifier, anonymizer;;;;FR;43.766;5.3667;29fb2fadc4c8b3d40a99bdec64cb385a14ce0b88;;https://nouveau.europresse.com:443/Pdf/ImageList?docName=pdf%C2%B720231231%C2%B7NIC_P%C2%B78;200;1377
2024-01-01T08:08:21+01:00;2024-01-01;e591e92bafecee4646d308146e1f3f36436c7bb8;europresse;Europresse;CEDROM-SNi;ARTICLE;PDF;;;;;;;pdf·20231231·NIC_P·9;nouveau.europresse.com;N;f2341b0a1fdbb9276262725687b4b2738aeede2c;3.9.2;2023-09-25;1df4e1f;2023-07-26;70ae7649;2023-09-22;filter, parser, deduplicator, istex, crossref, sudoc, hal, enhancer, geolocalizer, cut, on-campus-counter, qualifier, anonymizer;;;;FR;43.766;5.3667;29fb2fadc4c8b3d40a99bdec64cb385a14ce0b88;;https://nouveau.europresse.com:443/Pdf/ImageList?docName=pdf%C2%B720231231%C2%B7NIC_P%C2%B79;200;1377
2024-01-01T08:08:44+01:00;2024-01-01;e591e92bafecee4646d308146e1f3f36436c7bb8;europresse;Europresse;CEDROM-SNi;ARTICLE;PDF;;;;;;;pdf·20231231·NIC_P·10;nouveau.europresse.com;N;c6437c75bb7ae3bdaa3d182102a088f9e55f8a0b;3.9.2;2023-09-25;1df4e1f;2023-07-26;70ae7649;2023-09-22;filter, parser, deduplicator, istex, crossref, sudoc, hal, enhancer, geolocalizer, cut, on-campus-counter, qualifier, anonymizer;;;;FR;43.766;5.3667;29fb2fadc4c8b3d40a99bdec64cb385a14ce0b88;;https://nouveau.europresse.com:443/Pdf/ImageList?docName=pdf%C2%B720231231%C2%B7NIC_P%C2%B710;200;1377
2024-01-01T08:09:08+01:00;2024-01-01;e591e92bafecee4646d308146e1f3f36436c7bb8;europresse;Europresse;CEDROM-SNi;ARTICLE;PDF;;;;;;;pdf·20231231·NIC_P·11;nouveau.europresse.com;N;2fa3b1ac762eaf53734aed940b8aaf811c5fc938;3.9.2;2023-09-25;1df4e1f;2023-07-26;70ae7649;2023-09-22;filter, parser, deduplicator, istex, crossref, sudoc, hal, enhancer, geolocalizer, cut, on-campus-counter, qualifier, anonymizer;;;;FR;43.766;5.3667;29fb2fadc4c8b3d40a99bdec64cb385a14ce0b88;;https://nouveau.europresse.com:443/Pdf/ImageList?docName=pdf%C2%B720231231%C2%B7NIC_P%C2%B711;200;1377
2024-01-01T08:09:25+01:00;2024-01-01;e591e92bafecee4646d308146e1f3f36436c7bb8;europresse;Europresse;CEDROM-SNi;ARTICLE;PDF;;;;;;;pdf·20231231·NIC_P·12;nouveau.europresse.com;N;fc3e847d41629508f57f33924a88ed8b65bca5dc;3.9.2;2023-09-25;1df4e1f;2023-07-26;70ae7649;2023-09-22;filter, parser, deduplicator, istex, crossref, sudoc, hal, enhancer, geolocalizer, cut, on-campus-counter, qualifier, anonymizer;;;;FR;43.766;5.3667;29fb2fadc4c8b3d40a99bdec64cb385a14ce0b88;;https://nouveau.europresse.com:443/Pdf/ImageList?docName=pdf%C2%B720231231%C2%B7NIC_P%C2%B712;200;1377
2024-01-01T08:09:39+01:00;2024-01-01;e591e92bafecee4646d308146e1f3f36436c7bb8;europresse;Europresse;CEDROM-SNi;ARTICLE;PDF;;;;;;;pdf·20231231·NIC_P·13;nouveau.europresse.com;N;3701a6b6d2c89c714af36659155d492b531a368e;3.9.2;2023-09-25;1df4e1f;2023-07-26;70ae7649;2023-09-22;filter, parser, deduplicator, istex, crossref, sudoc, hal, enhancer, geolocalizer, cut, on-campus-counter, qualifier, anonymizer;;;;FR;43.766;5.3667;29fb2fadc4c8b3d40a99bdec64cb385a14ce0b88;;https://nouveau.europresse.com:443/Pdf/ImageList?docName=pdf%C2%B720231231%C2%B7NIC_P%C2%B713;200;1377
2024-01-01T08:10:54+01:00;2024-01-01;e591e92bafecee4646d308146e1f3f36436c7bb8;europresse;Europresse;CEDROM-SNi;ARTICLE;PDF;;;;;;;pdf·20231231·NIC_P·14;nouveau.europresse.com;N;b35a5ccd1f27fb7ace65d197bda2d4d5d29c0af7;3.9.2;2023-09-25;1df4e1f;2023-07-26;70ae7649;2023-09-22;filter, parser, deduplicator, istex, crossref, sudoc, hal, enhancer, geolocalizer, cut, on-campus-counter, qualifier, anonymizer;;;;FR;43.766;5.3667;29fb2fadc4c8b3d40a99bdec64cb385a14ce0b88;;https://nouveau.europresse.com:443/Pdf/ImageList?docName=pdf%C2%B720231231%C2%B7NIC_P%C2%B714;200;1377
2024-01-01T08:12:33+01:00;2024-01-01;e591e92bafecee4646d308146e1f3f36436c7bb8;europresse;Europresse;CEDROM-SNi;ARTICLE;PDF;;;;;;;pdf·20231231·NIC_P·15;nouveau.europresse.com;N;22a13bc70851adef9ef3c4624fff2fd04c210641;3.9.2;2023-09-25;1df4e1f;2023-07-26;70ae7649;2023-09-22;filter, parser, deduplicator, istex, crossref, sudoc, hal, enhancer, geolocalizer, cut, on-campus-counter, qualifier, anonymizer;;;;FR;43.766;5.3667;29fb2fadc4c8b3d40a99bdec64cb385a14ce0b88;;https://nouveau.europresse.com:443/Pdf/ImageList?docName=pdf%C2%B720231231%C2%B7NIC_P%C2%B715;200;1377
2024-01-01T08:12:37+01:00;2024-01-01;e591e92bafecee4646d308146e1f3f36436c7bb8;europresse;Europresse;CEDROM-SNi;ARTICLE;PDF;;;;;;;pdf·20231231·NIC_P·16;nouveau.europresse.com;N;29877684d79b7c9c992525397c3250d427901241;3.9.2;2023-09-25;1df4e1f;2023-07-26;70ae7649;2023-09-22;filter, parser, deduplicator, istex, crossref, sudoc, hal, enhancer, geolocalizer, cut, on-campus-counter, qualifier, anonymizer;;;;FR;43.766;5.3667;29fb2fadc4c8b3d40a99bdec64cb385a14ce0b88;;https://nouveau.europresse.com:443/Pdf/ImageList?docName=pdf%C2%B720231231%C2%B7NIC_P%C2%B716;200;1377
2024-01-01T08:12:43+01:00;2024-01-01;e591e92bafecee4646d308146e1f3f36436c7bb8;europresse;Europresse;CEDROM-SNi;ARTICLE;PDF;;;;;;;pdf·20231231·NIC_P·17;nouveau.europresse.com;N;9016482690eff5ccd0e2bfc44c890d5107c0abdd;3.9.2;2023-09-25;1df4e1f;2023-07-26;70ae7649;2023-09-22;filter, parser, deduplicator, istex, crossref, sudoc, hal, enhancer, geolocalizer, cut, on-campus-counter, qualifier, anonymizer;;;;FR;43.766;5.3667;29fb2fadc4c8b3d40a99bdec64cb385a14ce0b88;;https://nouveau.europresse.com:443/Pdf/ImageList?docName=pdf%C2%B720231231%C2%B7NIC_P%C2%B717;200;1377
2024-01-01T08:12:52+01:00;2024-01-01;e591e92bafecee4646d308146e1f3f36436c7bb8;europresse;Europresse;CEDROM-SNi;ARTICLE;PDF;;;;;;;pdf·20231231·NIC_P·18;nouveau.europresse.com;N;3a43eb7ebfeca19bd91b6d0c1c225a2bfc013844;3.9.2;2023-09-25;1df4e1f;2023-07-26;70ae7649;2023-09-22;filter, parser, deduplicator, istex, crossref, sudoc, hal, enhancer, geolocalizer, cut, on-campus-counter, qualifier, anonymizer;;;;FR;43.766;5.3667;29fb2fadc4c8b3d40a99bdec64cb385a14ce0b88;;https://nouveau.europresse.com:443/Pdf/ImageList?docName=pdf%C2%B720231231%C2%B7NIC_P%C2%B718;200;1376
2024-01-01T08:12:59+01:00;2024-01-01;e591e92bafecee4646d308146e1f3f36436c7bb8;europresse;Europresse;CEDROM-SNi;ARTICLE;PDF;;;;;;;pdf·20231231·NIC_P·19;nouveau.europresse.com;N;8e49ccfef6eaeb61047e6ddaf87a9c881392bf66;3.9.2;2023-09-25;1df4e1f;2023-07-26;70ae7649;2023-09-22;filter, parser, deduplicator, istex, crossref, sudoc, hal, enhancer, geolocalizer, cut, on-campus-counter, qualifier, anonymizer;;;;FR;43.766;5.3667;29fb2fadc4c8b3d40a99bdec64cb385a14ce0b88;;https://nouveau.europresse.com:443/Pdf/ImageList?docName=pdf%C2%B720231231%C2%B7NIC_P%C2%B719;200;1377
2024-01-01T08:13:05+01:00;2024-01-01;e591e92bafecee4646d308146e1f3f36436c7bb8;europresse;Europresse;CEDROM-SNi;ARTICLE;PDF;;;;;;;pdf·20231231·NIC_P·20;nouveau.europresse.com;N;0809b9cc81ff512cdb1a7c14c15e04e2fd5ecd10;3.9.2;2023-09-25;1df4e1f;2023-07-26;70ae7649;2023-09-22;filter, parser, deduplicator, istex, crossref, sudoc, hal, enhancer, geolocalizer, cut, on-campus-counter, qualifier, anonymizer;;;;FR;43.766;5.3667;29fb2fadc4c8b3d40a99bdec64cb385a14ce0b88;;https://nouveau.europresse.com:443/Pdf/ImageList?docName=pdf%C2%B720231231%C2%B7NIC_P%C2%B720;200;1377
2024-01-01T08:13:11+01:00;2024-01-01;e591e92bafecee4646d308146e1f3f36436c7bb8;europresse;Europresse;CEDROM-SNi;ARTICLE;PDF;;;;;;;pdf·20231231·NIC_P·21;nouveau.europresse.com;N;2559f66b6a2ec16a8b978a492b1c8d754a60cd0d;3.9.2;2023-09-25;1df4e1f;2023-07-26;70ae7649;2023-09-22;filter, parser, deduplicator, istex, crossref, sudoc, hal, enhancer, geolocalizer, cut, on-campus-counter, qualifier, anonymizer;;;;FR;43.766;5.3667;29fb2fadc4c8b3d40a99bdec64cb385a14ce0b88;;https://nouveau.europresse.com:443/Pdf/ImageList?docName=pdf%C2%B720231231%C2%B7NIC_P%C2%B721;200;1377
2024-01-01T08:13:20+01:00;2024-01-01;e591e92bafecee4646d308146e1f3f36436c7bb8;europresse;Europresse;CEDROM-SNi;ARTICLE;PDF;;;;;;;pdf·20231231·NIC_P·22;nouveau.europresse.com;N;eac74098744a4895cd89a85b345e0fbc947287ed;3.9.2;2023-09-25;1df4e1f;2023-07-26;70ae7649;2023-09-22;filter, parser, deduplicator, istex, crossref, sudoc, hal, enhancer, geolocalizer, cut, on-campus-counter, qualifier, anonymizer;;;;FR;43.766;5.3667;29fb2fadc4c8b3d40a99bdec64cb385a14ce0b88;;https://nouveau.europresse.com:443/Pdf/ImageList?docName=pdf%C2%B720231231%C2%B7NIC_P%C2%B722;200;1377
2024-01-01T08:14:09+01:00;2024-01-01;e591e92bafecee4646d308146e1f3f36436c7bb8;europresse;Europresse;CEDROM-SNi;ARTICLE;PDF;;;;;;;pdf·20231231·NIC_P·23;nouveau.europresse.com;N;3daf633465f5542a8e56e33fe16faf2294effa1d;3.9.2;2023-09-25;1df4e1f;2023-07-26;70ae7649;2023-09-22;filter, parser, deduplicator, istex, crossref, sudoc, hal, enhancer, geolocalizer, cut, on-campus-counter, qualifier, anonymizer;;;;FR;43.766;5.3667;29fb2fadc4c8b3d40a99bdec64cb385a14ce0b88;;https://nouveau.europresse.com:443/Pdf/ImageList?docName=pdf%C2%B720231231%C2%B7NIC_P%C2%B723;200;1377
2024-01-01T08:14:13+01:00;2024-01-01;e591e92bafecee4646d308146e1f3f36436c7bb8;europresse;Europresse;CEDROM-SNi;ARTICLE;PDF;;;;;;;pdf·20231231·NIC_P·24;nouveau.europresse.com;N;49de30171712fef3504e4b5e630fda0dae5c70f4;3.9.2;2023-09-25;1df4e1f;2023-07-26;70ae7649;2023-09-22;filter, parser, deduplicator, istex, crossref, sudoc, hal, enhancer, geolocalizer, cut, on-campus-counter, qualifier, anonymizer;;;;FR;43.766;5.3667;29fb2fadc4c8b3d40a99bdec64cb385a14ce0b88;;https://nouveau.europresse.com:443/Pdf/ImageList?docName=pdf%C2%B720231231%C2%B7NIC_P%C2%B724;200;1376
2024-01-01T08:14:27+01:00;2024-01-01;e591e92bafecee4646d308146e1f3f36436c7bb8;europresse;Europresse;CEDROM-SNi;ARTICLE;PDF;;;;;;;pdf·20231231·NIC_P·25;nouveau.europresse.com;N;fb5396899577b9e7017801d4bad5ad86bc131156;3.9.2;2023-09-25;1df4e1f;2023-07-26;70ae7649;2023-09-22;filter, parser, deduplicator, istex, crossref, sudoc, hal, enhancer, geolocalizer, cut, on-campus-counter, qualifier, anonymizer;;;;FR;43.766;5.3667;29fb2fadc4c8b3d40a99bdec64cb385a14ce0b88;;https://nouveau.europresse.com:443/Pdf/ImageList?docName=pdf%C2%B720231231%C2%B7NIC_P%C2%B725;200;1377
2024-01-01T08:14:58+01:00;2024-01-01;e591e92bafecee4646d308146e1f3f36436c7bb8;europresse;Europresse;CEDROM-SNi;ARTICLE;PDF;;;;;;;pdf·20231231·NIC_P·26;nouveau.europresse.com;N;9512409b40fbff2d11ac45cc42c89e38c46c4251;3.9.2;2023-09-25;1df4e1f;2023-07-26;70ae7649;2023-09-22;filter, parser, deduplicator, istex, crossref, sudoc, hal, enhancer, geolocalizer, cut, on-campus-counter, qualifier, anonymizer;;;;FR;43.766;5.3667;29fb2fadc4c8b3d40a99bdec64cb385a14ce0b88;;https://nouveau.europresse.com:443/Pdf/ImageList?docName=pdf%C2%B720231231%C2%B7NIC_P%C2%B726;200;1376
2024-01-01T08:15:13+01:00;2024-01-01;e591e92bafecee4646d308146e1f3f36436c7bb8;europresse;Europresse;CEDROM-SNi;ARTICLE;PDF;;;;;;;pdf·20231231·NIC_P·27;nouveau.europresse.com;N;88d5f6ec47142c2ccb6fa7cff35c1420bf44ef48;3.9.2;2023-09-25;1df4e1f;2023-07-26;70ae7649;2023-09-22;filter, parser, deduplicator, istex, crossref, sudoc, hal, enhancer, geolocalizer, cut, on-campus-counter, qualifier, anonymizer;;;;FR;43.766;5.3667;29fb2fadc4c8b3d40a99bdec64cb385a14ce0b88;;https://nouveau.europresse.com:443/Pdf/ImageList?docName=pdf%C2%B720231231%C2%B7NIC_P%C2%B727;200;1377
2024-01-01T09:14:30+01:00;2024-01-01;0e97d214ce0e4f067a2d83f62a2add3980e1ba64;dalloz;Dalloz;Dalloz;;HTML;;;;;;;DZ/REFERENCE/DIVORCE/2021/L02-T21-C216/PLAN/0008;www.dalloz.fr;N;544afe9f155fe0bfa8fb1c8fe03e4048ce2f0b4a;3.9.2;2023-09-25;1df4e1f;2023-07-26;70ae7649;2023-09-22;filter, parser, deduplicator, istex, crossref, sudoc, hal, enhancer, geolocalizer, cut, on-campus-counter, qualifier, anonymizer;;;;FR;43.5312;5.4554;119780c6be3312fafbd95a447f50bbe4748eead2;;https://www.dalloz.fr:443/documentation/Document?id=DZ%2FREFERENCE%2FDIVORCE%2F2021%2FL02-T21-C216%2FPLAN%2F0008&ctxt=0_YSR0MD1QcmVzdGF0aW9uIGNvbXBlbnNhdG9pcmUgwqd4JHNmPXNpbXBsZS1zZWFyY2g%3D&ctxtl=0_cyRwYWdlTnVtPTHCp3MkdHJpZGF0ZT1GYWxzZcKncyRzb3J0PSNkZWZhdWx0X0Rlc2PCp3Mkc2xOYlBhZz0yMMKncyRpc2Fibz1UcnVlwqdzJHBhZ2luZz1UcnVlwqdzJG9uZ2xldD3Cp3MkZnJlZXNjb3BlPUZhbHNlwqdzJHdvSVM9RmFsc2XCp3Mkd29TUENIPUZhbHNlwqdzJGZsb3dNb2RlPUZhbHNlwqdzJGJxPcKncyRzZWFyY2hMYWJlbD3Cp3Mkc2VhcmNoQ2xhc3M9&scrll=DZ%2FREFERENCE%2FDIVORCE%2F2021%2FL02-T21-C216%2FPLAN%2F0017;200;273895
2024-01-01T09:14:33+01:00;2024-01-01;0e97d214ce0e4f067a2d83f62a2add3980e1ba64;dalloz;Dalloz;Dalloz;;HTML;;;;;;;DZ/ACTION/FAMILLE/2022/PARA/136.362;www.dalloz.fr;N;f00edb260429bc9e70c887a3844b9041a8ec11b3;3.9.2;2023-09-25;1df4e1f;2023-07-26;70ae7649;2023-09-22;filter, parser, deduplicator, istex, crossref, sudoc, hal, enhancer, geolocalizer, cut, on-campus-counter, qualifier, anonymizer;;;;FR;43.5312;5.4554;119780c6be3312fafbd95a447f50bbe4748eead2;;https://www.dalloz.fr:443/documentation/Document?id=DZ%2FACTION%2FFAMILLE%2F2022%2FPARA%2F136.362&ctxt=0_YSR0MD1Sw6l2aXNpb24gZGUgbGEgcHJlc3RhdGlvbiBjb21wZW5zYXRvaXJlIMKneCRzZj1zaW1wbGUtc2VhcmNo&ctxtl=0_cyRwYWdlTnVtPTHCp3MkdHJpZGF0ZT1GYWxzZcKncyRzb3J0PSNkZWZhdWx0X0Rlc2PCp3Mkc2xOYlBhZz0yMMKncyRpc2Fibz1UcnVlwqdzJHBhZ2luZz1UcnVlwqdzJG9uZ2xldD3Cp3MkZnJlZXNjb3BlPUZhbHNlwqdzJHdvSVM9RmFsc2XCp3Mkd29TUENIPUZhbHNlwqdzJGZsb3dNb2RlPUZhbHNlwqdzJGJxPcKncyRzZWFyY2hMYWJlbD3Cp3Mkc2VhcmNoQ2xhc3M9&scrll=ANOTE_DZ%2FACTION%2FFAMILLE%2F2022%2FPARA%2F136.384_2&ed=etudiants;200;302845
2024-01-01T09:14:33+01:00;2024-01-01;0e97d214ce0e4f067a2d83f62a2add3980e1ba64;dalloz;Dalloz;Dalloz;;HTML;;;;;;;DZ/REFERENCE/DIVORCE/2021/L02-T21-C216/PLAN/0008;www.dalloz.fr;N;a57637f5b4caa3ae684fb8cecd8beea618f38d63;3.9.2;2023-09-25;1df4e1f;2023-07-26;70ae7649;2023-09-22;filter, parser, deduplicator, istex, crossref, sudoc, hal, enhancer, geolocalizer, cut, on-campus-counter, qualifier, anonymizer;;;;FR;43.5312;5.4554;119780c6be3312fafbd95a447f50bbe4748eead2;;https://www.dalloz.fr:443/documentation/Document?ed=etudiants&id=DZ%2FREFERENCE%2FDIVORCE%2F2021%2FL02-T21-C216%2FPLAN%2F0008&ctxt=0_YSR0MD1QcmVzdGF0aW9uIGNvbXBlbnNhdG9pcmUgwqd4JHNmPXNpbXBsZS1zZWFyY2g%3D&ctxtl=0_cyRwYWdlTnVtPTHCp3MkdHJpZGF0ZT1GYWxzZcKncyRzb3J0PSNkZWZhdWx0X0Rlc2PCp3Mkc2xOYlBhZz0yMMKncyRpc2Fibz1UcnVlwqdzJHBhZ2luZz1UcnVlwqdzJG9uZ2xldD3Cp3MkZnJlZXNjb3BlPUZhbHNlwqdzJHdvSVM9RmFsc2XCp3Mkd29TUENIPUZhbHNlwqdzJGZsb3dNb2RlPUZhbHNlwqdzJGJxPcKncyRzZWFyY2hMYWJlbD3Cp3Mkc2VhcmNoQ2xhc3M9&scrll=DZ%2FREFERENCE%2FDIVORCE%2F2021%2FL02-T21-C216%2FPLAN%2F0017;200;297091
2024-01-01T10:03:24+01:00;2024-01-01;0e97d214ce0e4f067a2d83f62a2add3980e1ba64;lextenso;Lextenso;Lextenso éditions;ARTICLE;HTML;2116-9578;;AD;;Defrénois;;AD2005DEF0357N1;www.labase-lextenso.fr;N;63ac63185259b302670b167a6701343a93617337;3.9.2;2023-09-25;1df4e1f;2023-07-26;70ae7649;2023-09-22;filter, parser, deduplicator, istex, crossref, sudoc, hal, enhancer, geolocalizer, cut, on-campus-counter, qualifier, anonymizer;;;;FR;43.5312;5.4554;119780c6be3312fafbd95a447f50bbe4748eead2;;https://www.labase-lextenso.fr:443/defrenois/AD2005DEF0357N1?em=Volont%C3%A9%20et%20ordre%20public%20dans%20le%20nouveau%20divorce%C2%A0%3A%20un%20divorce%20entr%C3%A9%20dans%20le%20champ%20contractuel;200;96549
2024-01-01T10:04:16+01:00;2024-01-01;0e97d214ce0e4f067a2d83f62a2add3980e1ba64;lextenso;Lextenso;Lextenso éditions;ARTICLE;HTML;2116-9578;;AD;;Defrénois;;AD2005DEF0357N1;www.labase-lextenso.fr;N;8a52609af68717b27b81b9b76c4198cd9f935677;3.9.2;2023-09-25;1df4e1f;2023-07-26;70ae7649;2023-09-22;filter, parser, deduplicator, istex, crossref, sudoc, hal, enhancer, geolocalizer, cut, on-campus-counter, qualifier, anonymizer;;;;FR;43.5312;5.4554;119780c6be3312fafbd95a447f50bbe4748eead2;;https://www.labase-lextenso.fr:443/defrenois/AD2005DEF0357N1?em=Volont%C3%A9%20et%20ordre%20public%20dans%20le%20nouveau%20divorce%C2%A0%3A%20un%20divorce%20entr%C3%A9%20dans%20le%20champ%20contractuel;200;96549
2024-01-01T10:18:14+01:00;2024-01-01;94703414b4db4f716363b0d6ac3a0c9a8e68008f;dalloz;Dalloz;Dalloz;;HTML;;;;;;;DZ/ACTION/FAMILLE/2022/PARA/136.362;www.dalloz.fr;N;828ae3efb9aad34807a4ae36ee6036d789152790;3.9.2;2023-09-25;1df4e1f;2023-07-26;70ae7649;2023-09-22;filter, parser, deduplicator, istex, crossref, sudoc, hal, enhancer, geolocalizer, cut, on-campus-counter, qualifier, anonymizer;;;;FR;43.5312;5.4554;119780c6be3312fafbd95a447f50bbe4748eead2;;https://www.dalloz.fr:443/documentation/Document?id=DZ%2FACTION%2FFAMILLE%2F2022%2FPARA%2F136.362&ctxt=0_YSR0MD1Sw6l2aXNpb24gZGUgbGEgcHJlc3RhdGlvbiBjb21wZW5zYXRvaXJlIMKneCRzZj1zaW1wbGUtc2VhcmNo&ctxtl=0_cyRwYWdlTnVtPTHCp3MkdHJpZGF0ZT1GYWxzZcKncyRzb3J0PSNkZWZhdWx0X0Rlc2PCp3Mkc2xOYlBhZz0yMMKncyRpc2Fibz1UcnVlwqdzJHBhZ2luZz1UcnVlwqdzJG9uZ2xldD3Cp3MkZnJlZXNjb3BlPUZhbHNlwqdzJHdvSVM9RmFsc2XCp3Mkd29TUENIPUZhbHNlwqdzJGZsb3dNb2RlPUZhbHNlwqdzJGJxPcKncyRzZWFyY2hMYWJlbD3Cp3Mkc2VhcmNoQ2xhc3M9&scrll=ANOTE_DZ%2FACTION%2FFAMILLE%2F2022%2FPARA%2F136.384_3&ed=etudiants;200;302973
2024-01-01T10:18:59+01:00;2024-01-01;94703414b4db4f716363b0d6ac3a0c9a8e68008f;dalloz;Dalloz;Dalloz;;HTML;;;;;;;DZ/REFERENCE/DIVORCE/2021/L02-T21-C216/PLAN/0008;www.dalloz.fr;N;d56530b2c1921bdf455eabd3a7e99a64754c3f03;3.9.2;2023-09-25;1df4e1f;2023-07-26;70ae7649;2023-09-22;filter, parser, deduplicator, istex, crossref, sudoc, hal, enhancer, geolocalizer, cut, on-campus-counter, qualifier, anonymizer;;;;FR;43.5312;5.4554;119780c6be3312fafbd95a447f50bbe4748eead2;;https://www.dalloz.fr:443/documentation/Document?ed=etudiants&id=DZ%2FREFERENCE%2FDIVORCE%2F2021%2FL02-T21-C216%2FPLAN%2F0008&ctxt=0_YSR0MD1QcmVzdGF0aW9uIGNvbXBlbnNhdG9pcmUgwqd4JHNmPXNpbXBsZS1zZWFyY2g%3D&ctxtl=0_cyRwYWdlTnVtPTHCp3MkdHJpZGF0ZT1GYWxzZcKncyRzb3J0PSNkZWZhdWx0X0Rlc2PCp3Mkc2xOYlBhZz0yMMKncyRpc2Fibz1UcnVlwqdzJHBhZ2luZz1UcnVlwqdzJG9uZ2xldD3Cp3MkZnJlZXNjb3BlPUZhbHNlwqdzJHdvSVM9RmFsc2XCp3Mkd29TUENIPUZhbHNlwqdzJGZsb3dNb2RlPUZhbHNlwqdzJGJxPcKncyRzZWFyY2hMYWJlbD3Cp3Mkc2VhcmNoQ2xhc3M9&scrll=DZ%2FREFERENCE%2FDIVORCE%2F2021%2FL02-T21-C216%2FPLAN%2F0017;200;296069
2024-01-01T10:42:31+01:00;2024-01-01;ce4aa9d1dca68073aa4e03e0e83c909c750d1ca6;europresse;Europresse;CEDROM-SNi;SEARCH;HTML;;;;;;;;nouveau.europresse.com;N;8558841867ffbc1d4c3a4b26ecfcee7ca369307f;3.9.2;2023-09-25;1df4e1f;2023-07-26;70ae7649;2023-09-22;filter, parser, deduplicator, istex, crossref, sudoc, hal, enhancer, geolocalizer, cut, on-campus-counter, qualifier, anonymizer;;;;FR;47.9047;1.9076;2bc92d5811fd29b4742ea9baaf11af7f43583483;;https://nouveau.europresse.com:443/Search/ResultMobile;200;89185
2024-01-01T10:42:57+01:00;2024-01-01;ce4aa9d1dca68073aa4e03e0e83c909c750d1ca6;europresse;Europresse;CEDROM-SNi;SEARCH;HTML;;;;;;;;nouveau.europresse.com;N;7a1613bf4091ecf87b3c3cb03f1eca8c5b5da50f;3.9.2;2023-09-25;1df4e1f;2023-07-26;70ae7649;2023-09-22;filter, parser, deduplicator, istex, crossref, sudoc, hal, enhancer, geolocalizer, cut, on-campus-counter, qualifier, anonymizer;;;;FR;47.9047;1.9076;2bc92d5811fd29b4742ea9baaf11af7f43583483;;https://nouveau.europresse.com:443/Search/ResultMobile;200;89178
2024-01-01T10:43:19+01:00;2024-01-01;ce4aa9d1dca68073aa4e03e0e83c909c750d1ca6;europresse;Europresse;CEDROM-SNi;SEARCH;HTML;;;;;;;;nouveau.europresse.com;N;1c739371196d488825ccac448b4108d9a0b99ab1;3.9.2;2023-09-25;1df4e1f;2023-07-26;70ae7649;2023-09-22;filter, parser, deduplicator, istex, crossref, sudoc, hal, enhancer, geolocalizer, cut, on-campus-counter, qualifier, anonymizer;;;;FR;47.9047;1.9076;2bc92d5811fd29b4742ea9baaf11af7f43583483;;https://nouveau.europresse.com:443/Search/ResultMobile;200;64848
2024-01-01T11:03:17+01:00;2024-01-01;b942eefddb7e4d636ac45e698426ca37d1394b98;europresse;Europresse;CEDROM-SNi;SEARCH;HTML;;;;;;;;nouveau.europresse.com;N;742cd839850dfdd351c7b989403c495b04991ee3;3.9.2;2023-09-25;1df4e1f;2023-07-26;70ae7649;2023-09-22;filter, parser, deduplicator, istex, crossref, sudoc, hal, enhancer, geolocalizer, cut, on-campus-counter, qualifier, anonymizer;;;;FR;42.7028;9.45;fbcdbf325394f5898b6e9bc596b801fa05808a98;;https://nouveau.europresse.com:443/Search/ResultMobile;200;46019
2024-01-01T11:03:30+01:00;2024-01-01;b942eefddb7e4d636ac45e698426ca37d1394b98;europresse;Europresse;CEDROM-SNi;SEARCH;HTML;;;;;;;;nouveau.europresse.com;N;75bda8679cebc7d1d41057a076f21e5a194d0490;3.9.2;2023-09-25;1df4e1f;2023-07-26;70ae7649;2023-09-22;filter, parser, deduplicator, istex, crossref, sudoc, hal, enhancer, geolocalizer, cut, on-campus-counter, qualifier, anonymizer;;;;FR;42.7028;9.45;fbcdbf325394f5898b6e9bc596b801fa05808a98;;https://nouveau.europresse.com:443/Search/ResultMobile;200;42448
2024-01-01T11:03:54+01:00;2024-01-01;b942eefddb7e4d636ac45e698426ca37d1394b98;europresse;Europresse;CEDROM-SNi;SEARCH;HTML;;;;;;;;nouveau.europresse.com;N;5d4abe399286aacfd96f2d9ffd2c173fe3375243;3.9.2;2023-09-25;1df4e1f;2023-07-26;70ae7649;2023-09-22;filter, parser, deduplicator, istex, crossref, sudoc, hal, enhancer, geolocalizer, cut, on-campus-counter, qualifier, anonymizer;;;;FR;42.7028;9.45;fbcdbf325394f5898b6e9bc596b801fa05808a98;;https://nouveau.europresse.com:443/Search/ResultMobile;200;42448
2024-01-01T11:04:05+01:00;2024-01-01;b942eefddb7e4d636ac45e698426ca37d1394b98;europresse;Europresse;CEDROM-SNi;SEARCH;HTML;;;;;;;;nouveau.europresse.com;N;d60cdd59b71ea38e736e5dc306d2cf0dd7e9f5fd;3.9.2;2023-09-25;1df4e1f;2023-07-26;70ae7649;2023-09-22;filter, parser, deduplicator, istex, crossref, sudoc, hal, enhancer, geolocalizer, cut, on-campus-counter, qualifier, anonymizer;;;;FR;42.7028;9.45;fbcdbf325394f5898b6e9bc596b801fa05808a98;;https://nouveau.europresse.com:443/Search/ResultMobile;200;46019
2024-01-01T11:04:13+01:00;2024-01-01;b942eefddb7e4d636ac45e698426ca37d1394b98;europresse;Europresse;CEDROM-SNi;SEARCH;HTML;;;;;;;;nouveau.europresse.com;N;eb31d108a765e084ea1fe3e65dd0371d9a82f718;3.9.2;2023-09-25;1df4e1f;2023-07-26;70ae7649;2023-09-22;filter, parser, deduplicator, istex, crossref, sudoc, hal, enhancer, geolocalizer, cut, on-campus-counter, qualifier, anonymizer;;;;FR;42.7028;9.45;fbcdbf325394f5898b6e9bc596b801fa05808a98;;https://nouveau.europresse.com:443/Search/ResultMobile;200;46120
2024-01-01T11:04:34+01:00;2024-01-01;b942eefddb7e4d636ac45e698426ca37d1394b98;europresse;Europresse;CEDROM-SNi;SEARCH;HTML;;;;;;;;nouveau.europresse.com;N;973abbcfc5d9aeac13f1c7dd5561da68b5013065;3.9.2;2023-09-25;1df4e1f;2023-07-26;70ae7649;2023-09-22;filter, parser, deduplicator, istex, crossref, sudoc, hal, enhancer, geolocalizer, cut, on-campus-counter, qualifier, anonymizer;;;;FR;42.7028;9.45;fbcdbf325394f5898b6e9bc596b801fa05808a98;;https://nouveau.europresse.com:443/Search/ResultMobile;200;46019
2024-01-01T11:05:33+01:00;2024-01-01;b942eefddb7e4d636ac45e698426ca37d1394b98;europresse;Europresse;CEDROM-SNi;SEARCH;HTML;;;;;;;;nouveau.europresse.com;N;2eafee2e529e676a66fe37a7e6c53ef3e61d1cf7;3.9.2;2023-09-25;1df4e1f;2023-07-26;70ae7649;2023-09-22;filter, parser, deduplicator, istex, crossref, sudoc, hal, enhancer, geolocalizer, cut, on-campus-counter, qualifier, anonymizer;;;;FR;42.7028;9.45;fbcdbf325394f5898b6e9bc596b801fa05808a98;;https://nouveau.europresse.com:443/Search/ResultMobile;200;45889
2024-01-01T11:06:20+01:00;2024-01-01;b942eefddb7e4d636ac45e698426ca37d1394b98;europresse;Europresse;CEDROM-SNi;SEARCH;HTML;;;;;;;;nouveau.europresse.com;N;3a8424bd25fbce669605f7682ea1a01cf92934ea;3.9.2;2023-09-25;1df4e1f;2023-07-26;70ae7649;2023-09-22;filter, parser, deduplicator, istex, crossref, sudoc, hal, enhancer, geolocalizer, cut, on-campus-counter, qualifier, anonymizer;;;;FR;42.7028;9.45;fbcdbf325394f5898b6e9bc596b801fa05808a98;;https://nouveau.europresse.com:443/Search/ResultMobile;200;41722
2024-01-01T11:06:47+01:00;2024-01-01;b942eefddb7e4d636ac45e698426ca37d1394b98;europresse;Europresse;CEDROM-SNi;SEARCH;HTML;;;;;;;;nouveau.europresse.com;N;e5e61912e5832755805552642a17b109332d7501;3.9.2;2023-09-25;1df4e1f;2023-07-26;70ae7649;2023-09-22;filter, parser, deduplicator, istex, crossref, sudoc, hal, enhancer, geolocalizer, cut, on-campus-counter, qualifier, anonymizer;;;;FR;42.7028;9.45;fbcdbf325394f5898b6e9bc596b801fa05808a98;;https://nouveau.europresse.com:443/Search/ResultMobile;200;41908
2024-01-01T11:06:54+01:00;2024-01-01;b942eefddb7e4d636ac45e698426ca37d1394b98;europresse;Europresse;CEDROM-SNi;ARTICLE;HTML;;;NICW;;Corse Matin (site web);;news·20231231·NICW·1122389_8246524692_9919908;nouveau.europresse.com;N;3ace4b8d9521dbea941144224d0c2e51a7e69f25;3.9.2;2023-09-25;1df4e1f;2023-07-26;70ae7649;2023-09-22;filter, parser, deduplicator, istex, crossref, sudoc, hal, enhancer, geolocalizer, cut, on-campus-counter, qualifier, anonymizer;;;;FR;42.7028;9.45;fbcdbf325394f5898b6e9bc596b801fa05808a98;;https://nouveau.europresse.com:443/Document/ViewMobile?docKey=news%C2%B720231231%C2%B7NICW%C2%B71122389_8246524692_9919908&fromBasket=false&viewEvent=1&invoiceCode=;200;24394
2024-01-01T11:31:27+01:00;2024-01-01;9122795d25374c73d83860900d7217c132c7ceb3;cairn;CAIRN;Cairn;TOC;HTML;9782707134028;9782707168269;le-front-populaire;;Le Front populaire;;le-front-populaire--9782707134028;www.cairn.info;N;60d1ff595e68116283c59d791cced12b6aa88e4d;3.9.2;2023-09-25;1df4e1f;2023-07-26;70ae7649;2023-09-22;filter, parser, deduplicator, istex, crossref, sudoc, hal, enhancer, geolocalizer, cut, on-campus-counter, qualifier, anonymizer;;;;FR;41.9189;8.7381;d95830ec61c3283289a4e4d919d2a67d86abbee0;;https://www.cairn.info:443/le-front-populaire--9782707134028.htm;200;120494
2024-01-01T11:32:04+01:00;2024-01-01;9122795d25374c73d83860900d7217c132c7ceb3;cairn;CAIRN;Cairn;BOOK_SECTION;HTML;9782707134028;9782707168269;DEC_MONIE_2002_01;;Le Front populaire;;DEC_MONIE_2002_01_0050;www.cairn.info;N;b2be66836e41dd89467e471b7ff755cd7c306b74;3.9.2;2023-09-25;1df4e1f;2023-07-26;70ae7649;2023-09-22;filter, parser, deduplicator, istex, crossref, sudoc, hal, enhancer, geolocalizer, cut, on-campus-counter, qualifier, anonymizer;;;;FR;41.9189;8.7381;d95830ec61c3283289a4e4d919d2a67d86abbee0;;https://www.cairn.info:443/feuilleter.php?ID_ARTICLE=DEC_MONIE_2002_01_0050;200;50310
2024-01-01T11:37:43+01:00;2024-01-01;94703414b4db4f716363b0d6ac3a0c9a8e68008f;dalloz;Dalloz;Dalloz;;HTML;;;;;;;AJFAM/IR/2004/0138;www.dalloz.fr;N;26e1b6ccecbb350cd202f440e79406c437d4ee00;3.9.2;2023-09-25;1df4e1f;2023-07-26;70ae7649;2023-09-22;filter, parser, deduplicator, istex, crossref, sudoc, hal, enhancer, geolocalizer, cut, on-campus-counter, qualifier, anonymizer;;;;FR;43.5312;5.4554;119780c6be3312fafbd95a447f50bbe4748eead2;;https://www.dalloz.fr:443/documentation/Document?id=AJFAM%2FIR%2F2004%2F0138&FromId=DRDIVORCE_DOC_40;200;282562
2024-01-01T11:39:18+01:00;2024-01-01;9122795d25374c73d83860900d7217c132c7ceb3;cairn;CAIRN;Cairn;BOOK_SECTION;HTML;9782707134028;9782707168269;DEC_MONIE_2002_01;;Le Front populaire;;DEC_MONIE_2002_01_0073;www.cairn.info;N;568f67afc78c156962af187981256a40e22513b5;3.9.2;2023-09-25;1df4e1f;2023-07-26;70ae7649;2023-09-22;filter, parser, deduplicator, istex, crossref, sudoc, hal, enhancer, geolocalizer, cut, on-campus-counter, qualifier, anonymizer;;;;FR;41.9189;8.7381;d95830ec61c3283289a4e4d919d2a67d86abbee0;;https://www.cairn.info:443/feuilleter.php?ID_ARTICLE=DEC_MONIE_2002_01_0073;200;50142
2024-01-01T11:40:42+01:00;2024-01-01;9122795d25374c73d83860900d7217c132c7ceb3;cairn;CAIRN;Cairn;TOC;HTML;9782130588481;9782130605591;le-front-populaire-1934-1938;;Le front populaire 1934-1938;;le-front-populaire-1934-1938--9782130588481;www.cairn.info;N;281b2dc931b8da2b0cf3d742b364d334992e039a;3.9.2;2023-09-25;1df4e1f;2023-07-26;70ae7649;2023-09-22;filter, parser, deduplicator, istex, crossref, sudoc, hal, enhancer, geolocalizer, cut, on-campus-counter, qualifier, anonymizer;;;;FR;41.9189;8.7381;d95830ec61c3283289a4e4d919d2a67d86abbee0;;https://www.cairn.info:443/le-front-populaire-1934-1938--9782130588481.htm;200;104812
2024-01-01T11:41:02+01:00;2024-01-01;9122795d25374c73d83860900d7217c132c7ceb3;cairn;CAIRN;Cairn;BOOK_SECTION;HTML;9782130588481;9782130605591;PUF_VIGRE_2011_01;;Le front populaire 1934-1938;;PUF_VIGRE_2011_01_0063;www.cairn.info;N;dc5339b539dd38a58f1af1cfba4af9082f088603;3.9.2;2023-09-25;1df4e1f;2023-07-26;70ae7649;2023-09-22;filter, parser, deduplicator, istex, crossref, sudoc, hal, enhancer, geolocalizer, cut, on-campus-counter, qualifier, anonymizer;;;;FR;41.9189;8.7381;d95830ec61c3283289a4e4d919d2a67d86abbee0;;https://www.cairn.info:443/feuilleter.php?ID_ARTICLE=PUF_VIGRE_2011_01_0063;200;49351
2024-01-01T13:24:55+01:00;2024-01-01;94703414b4db4f716363b0d6ac3a0c9a8e68008f;dalloz;Dalloz;Dalloz;;HTML;;;;;;;CASS_LIEUVIDE_2013-09-11_1225753;www.dalloz.fr;N;eab28dbf39c7d92ece79364aebfb238547f0a07f;3.9.2;2023-09-25;1df4e1f;2023-07-26;70ae7649;2023-09-22;filter, parser, deduplicator, istex, crossref, sudoc, hal, enhancer, geolocalizer, cut, on-campus-counter, qualifier, anonymizer;;;;FR;43.5312;5.4554;119780c6be3312fafbd95a447f50bbe4748eead2;;https://www.dalloz.fr:443/documentation/Document?id=CASS_LIEUVIDE_2013-09-11_1225753;200;276037
2024-01-01T13:25:03+01:00;2024-01-01;94703414b4db4f716363b0d6ac3a0c9a8e68008f;dalloz;Dalloz;Dalloz;;HTML;;;;;;;CASS_LIEUVIDE_2013-09-11_1225753;www.dalloz.fr;N;04019a36451d43e201aa583a57e9930579aac6bd;3.9.2;2023-09-25;1df4e1f;2023-07-26;70ae7649;2023-09-22;filter, parser, deduplicator, istex, crossref, sudoc, hal, enhancer, geolocalizer, cut, on-campus-counter, qualifier, anonymizer;;;;FR;43.5312;5.4554;119780c6be3312fafbd95a447f50bbe4748eead2;;https://www.dalloz.fr:443/documentation/Document?id=CASS_LIEUVIDE_2013-09-11_1225753;200;278863
2024-01-01T13:25:09+01:00;2024-01-01;94703414b4db4f716363b0d6ac3a0c9a8e68008f;dalloz;Dalloz;Dalloz;;HTML;;;;;;;RTDCIV/CHRON/2013/0283;www.dalloz.fr;N;fc4dedf02a383b232c811f15fe9e5d2f1cc83349;3.9.2;2023-09-25;1df4e1f;2023-07-26;70ae7649;2023-09-22;filter, parser, deduplicator, istex, crossref, sudoc, hal, enhancer, geolocalizer, cut, on-campus-counter, qualifier, anonymizer;;;;FR;43.5312;5.4554;119780c6be3312fafbd95a447f50bbe4748eead2;;https://www.dalloz.fr:443/documentation/Document?id=RTDCIV%2FCHRON%2F2013%2F0283;200;335082
2024-01-01T13:27:04+01:00;2024-01-01;94703414b4db4f716363b0d6ac3a0c9a8e68008f;dalloz;Dalloz;Dalloz;;HTML;;;;;;;NOTE_DZ/REFERENCE/DIVORCE/2021/PARA/216.201_4;www.dalloz.fr;N;909976d5521b7fba09bd06bf8f4feb6045204e4a;3.9.2;2023-09-25;1df4e1f;2023-07-26;70ae7649;2023-09-22;filter, parser, deduplicator, istex, crossref, sudoc, hal, enhancer, geolocalizer, cut, on-campus-counter, qualifier, anonymizer;;;;FR;43.5312;5.4554;119780c6be3312fafbd95a447f50bbe4748eead2;;https://www.dalloz.fr:443/documentation/Document?id=NOTE_DZ%2FREFERENCE%2FDIVORCE%2F2021%2FPARA%2F216.201_4&ctxt=0_YSR0MD1QcmVzdGF0aW9uIGNvbXBlbnNhdG9pcmUgwqd4JHNmPXNpbXBsZS1zZWFyY2g%3D&ctxtl=0_cyRwYWdlTnVtPTHCp3MkdHJpZGF0ZT1GYWxzZcKncyRzb3J0PSNkZWZhdWx0X0Rlc2PCp3Mkc2xOYlBhZz0yMMKncyRpc2Fibz1UcnVlwqdzJHBhZ2luZz1UcnVlwqdzJG9uZ2xldD3Cp3MkZnJlZXNjb3BlPUZhbHNlwqdzJHdvSVM9RmFsc2XCp3Mkd29TUENIPUZhbHNlwqdzJGZsb3dNb2RlPUZhbHNlwqdzJGJxPcKncyRzZWFyY2hMYWJlbD3Cp3Mkc2VhcmNoQ2xhc3M9&scrll=ANOTE_DZ%2FREFERENCE%2FDIVORCE%2F2021%2FPARA%2F216.193_1&ed=etudiants;200;296029
2024-01-01T13:59:27+01:00;2024-01-01;8a4e29909a1af0f86215f92b66cc603975f70258;cairn;CAIRN;Cairn;TOC;HTML;1298-6046;1968-3928;revue-cahiers-du-genre;;Cahiers du Genre;2016;revue-cahiers-du-genre-2016-1;www.cairn.info;N;1f9f629c684f864105c9157376033102988d8702;3.9.2;2023-09-25;1df4e1f;2023-07-26;70ae7649;2023-09-22;filter, parser, deduplicator, istex, crossref, sudoc, hal, enhancer, geolocalizer, cut, on-campus-counter, qualifier, anonymizer;;;;FR;41.9189;8.7381;face4951151693f9b5dc999700a56ce6789bd4d8;;https://www.cairn.info:443/revue-cahiers-du-genre-2016-1.htm?ora.z_ref=cairnSearchAutocomplete;200;112202
2024-01-01T14:19:06+01:00;2024-01-01;8edf60eb5481d2b802ae4185faa3929597c5fd41;lamyline;Lamyline;Wolters Kluwer France;SEARCH;HTML;;;;;;;;www.lamyline.fr;N;363c722466029b70c32e2900f2211d690e24514e;3.9.2;2023-09-25;1df4e1f;2023-07-26;70ae7649;2023-09-22;filter, parser, deduplicator, istex, crossref, sudoc, hal, enhancer, geolocalizer, cut, on-campus-counter, qualifier, anonymizer;;;;FR;43.2832;5.3718;4d30e574a6f54902811871f71773be155e95cf59;;https://www.lamyline.fr:443/Content/ResultList.aspx?params=H4sIAAAAAAAEAC2MsXLCMBBEv8Zq1AgIGBdqGMp0OB9wljcgRkjmJGXiv88JUrydvd2de1bwOuK32M9u2_tYwAt31RgMhYpPUc_QgXRIXv_HTPH6skeGXoh1gL7XK_S3NK-iJ59VXmOK68OOXKEKTdkORpErlcI5Obtp3v9gpKkViWfwabVGVVlOKHQBsbspn7-izDhTeCfvhxkBrmC-pMoO2ZqudxthK3zsRXbNCAeh3Ye2OAq9MAxN_gAYe1nS_AAAAA==WKE;200;52435
2024-01-01T14:40:28+01:00;2024-01-01;0c1b0f526b4c0085635f51e322293c5a83a100f3;cairn;CAIRN;Cairn;TOC;HTML;9782262004330;9782262055608;le-miracle-capetien;;Le miracle capétien;;le-miracle-capetien--9782262004330;www.cairn.info;N;719558f62d06d9b208dce7a4f2e3823aa3ee846a;3.9.2;2023-09-25;1df4e1f;2023-07-26;70ae7649;2023-09-22;filter, parser, deduplicator, istex, crossref, sudoc, hal, enhancer, geolocalizer, cut, on-campus-counter, qualifier, anonymizer;;;;FR;47.7497;7.402;2bddaf3bc488c7a966ae0478b71d73b0b8f1febc;;https://www.cairn.info:443/le-miracle-capetien--9782262004330.htm;200;261520
2024-01-01T14:40:51+01:00;2024-01-01;0c1b0f526b4c0085635f51e322293c5a83a100f3;cairn;CAIRN;Cairn;BOOK_SECTION;HTML;9782262004330;9782262055608;le-miracle-capetien;;Le miracle capétien;;le-miracle-capetien--9782262004330-page-87;www.cairn.info;N;ac20368d586d245179af7a1680dc6b6dbb6b8434;3.9.2;2023-09-25;1df4e1f;2023-07-26;70ae7649;2023-09-22;filter, parser, deduplicator, istex, crossref, sudoc, hal, enhancer, geolocalizer, cut, on-campus-counter, qualifier, anonymizer;;;;FR;47.7497;7.402;2bddaf3bc488c7a966ae0478b71d73b0b8f1febc;;https://www.cairn.info:443/le-miracle-capetien--9782262004330-page-87.htm;200;106495
2024-01-01T14:42:51+01:00;2024-01-01;0c1b0f526b4c0085635f51e322293c5a83a100f3;cairn;CAIRN;Cairn;TOC;HTML;9782130595588;9782130807018;la-france-moderne-1498-1789;;La France moderne, 1498-1789;;la-france-moderne-1498-1789--9782130595588;www.cairn.info;N;c1b585226c9c5c062e7564c6143d8fe1fbfea792;3.9.2;2023-09-25;1df4e1f;2023-07-26;70ae7649;2023-09-22;filter, parser, deduplicator, istex, crossref, sudoc, hal, enhancer, geolocalizer, cut, on-campus-counter, qualifier, anonymizer;;;;FR;47.7497;7.402;2bddaf3bc488c7a966ae0478b71d73b0b8f1febc;;https://www.cairn.info:443/la-france-moderne-1498-1789--9782130595588.htm;200;199637
2024-01-01T14:42:56+01:00;2024-01-01;0c1b0f526b4c0085635f51e322293c5a83a100f3;cairn;CAIRN;Cairn;TOC;HTML;9782262004330;9782262055608;le-miracle-capetien;;Le miracle capétien;;le-miracle-capetien--9782262004330;www.cairn.info;N;aaec537eeb53aad6932b7a58b345dfdd8aa037b9;3.9.2;2023-09-25;1df4e1f;2023-07-26;70ae7649;2023-09-22;filter, parser, deduplicator, istex, crossref, sudoc, hal, enhancer, geolocalizer, cut, on-campus-counter, qualifier, anonymizer;;;;FR;47.7497;7.402;2bddaf3bc488c7a966ae0478b71d73b0b8f1febc;;https://www.cairn.info:443/le-miracle-capetien--9782262004330.htm;200;261524
2024-01-01T14:44:07+01:00;2024-01-01;0c1b0f526b4c0085635f51e322293c5a83a100f3;cairn;CAIRN;Cairn;BOOK_SECTION;HTML;9782130595588;9782130807018;la-france-moderne-1498-1789;;La France moderne, 1498-1789;;la-france-moderne-1498-1789--9782130595588-page-45;www.cairn.info;N;ce0670d42d4d679dd34c7c74d4fc57845b2ea60c;3.9.2;2023-09-25;1df4e1f;2023-07-26;70ae7649;2023-09-22;filter, parser, deduplicator, istex, crossref, sudoc, hal, enhancer, geolocalizer, cut, on-campus-counter, qualifier, anonymizer;;;;FR;47.7497;7.402;2bddaf3bc488c7a966ae0478b71d73b0b8f1febc;;https://www.cairn.info:443/la-france-moderne-1498-1789--9782130595588-page-45.htm;200;173059
2024-01-01T14:49:06+01:00;2024-01-01;0c1b0f526b4c0085635f51e322293c5a83a100f3;cairn;CAIRN;Cairn;TOC;HTML;9782130459033;9782130598718;le-siecle-de-louis-xiv;;Le siècle de Louis XIV;;le-siecle-de-louis-xiv--9782130459033;www.cairn.info;N;657e8e9b457807927894ed664f9346cb4ff4bb94;3.9.2;2023-09-25;1df4e1f;2023-07-26;70ae7649;2023-09-22;filter, parser, deduplicator, istex, crossref, sudoc, hal, enhancer, geolocalizer, cut, on-campus-counter, qualifier, anonymizer;;;;FR;47.7497;7.402;2bddaf3bc488c7a966ae0478b71d73b0b8f1febc;;https://www.cairn.info:443/le-siecle-de-louis-xiv--9782130459033.htm;200;112249
2024-01-01T14:49:17+01:00;2024-01-01;0c1b0f526b4c0085635f51e322293c5a83a100f3;cairn;CAIRN;Cairn;TOC;HTML;9782724619300;9782724619324;politique-et-religion;;Politique et religion;;politique-et-religion--9782724619300;www.cairn.info;N;7675dc128fe3da9525a2a4b5e85412cc68962669;3.9.2;2023-09-25;1df4e1f;2023-07-26;70ae7649;2023-09-22;filter, parser, deduplicator, istex, crossref, sudoc, hal, enhancer, geolocalizer, cut, on-campus-counter, qualifier, anonymizer;;;;FR;47.7497;7.402;2bddaf3bc488c7a966ae0478b71d73b0b8f1febc;;https://www.cairn.info:443/politique-et-religion--9782724619300.htm;200;115370
2024-01-01T14:49:19+01:00;2024-01-01;0c1b0f526b4c0085635f51e322293c5a83a100f3;cairn;CAIRN;Cairn;TOC;HTML;9782130608721;;histoire-des-idees-politiques;;Histoire des idées politiques. Tome 1;;histoire-des-idees-politiques--9782130608721;www.cairn.info;N;123bcd3cb3b770c6ce36cdbe6258a7eb0012b18c;3.9.2;2023-09-25;1df4e1f;2023-07-26;70ae7649;2023-09-22;filter, parser, deduplicator, istex, crossref, sudoc, hal, enhancer, geolocalizer, cut, on-campus-counter, qualifier, anonymizer;;;;FR;47.7497;7.402;2bddaf3bc488c7a966ae0478b71d73b0b8f1febc;;https://www.cairn.info:443/histoire-des-idees-politiques--9782130608721.htm;200;116628
2024-01-01T14:49:29+01:00;2024-01-01;0c1b0f526b4c0085635f51e322293c5a83a100f3;cairn;CAIRN;Cairn;TOC;HTML;9782200626181;9782200629397;la-france-a-l-epoque-moderne;;La France à l'époque moderne;;la-france-a-l-epoque-moderne--9782200626181;www.cairn.info;N;5b99f4a25674d8e92490e27e0b020fee37b06e71;3.9.2;2023-09-25;1df4e1f;2023-07-26;70ae7649;2023-09-22;filter, parser, deduplicator, istex, crossref, sudoc, hal, enhancer, geolocalizer, cut, on-campus-counter, qualifier, anonymizer;;;;FR;47.7497;7.402;2bddaf3bc488c7a966ae0478b71d73b0b8f1febc;;https://www.cairn.info:443/la-france-a-l-epoque-moderne--9782200626181.htm;200;138359
2024-01-01T14:49:40+01:00;2024-01-01;0c1b0f526b4c0085635f51e322293c5a83a100f3;cairn;CAIRN;Cairn;BOOK_SECTION;HTML;9782130459033;9782130598718;le-siecle-de-louis-xiv;;Le siècle de Louis XIV;;le-siecle-de-louis-xiv--9782130459033-page-76;www.cairn.info;N;8a973405acb3e16643bcf34995dafab0281332e2;3.9.2;2023-09-25;1df4e1f;2023-07-26;70ae7649;2023-09-22;filter, parser, deduplicator, istex, crossref, sudoc, hal, enhancer, geolocalizer, cut, on-campus-counter, qualifier, anonymizer;;;;FR;47.7497;7.402;2bddaf3bc488c7a966ae0478b71d73b0b8f1febc;;https://www.cairn.info:443/le-siecle-de-louis-xiv--9782130459033-page-76.htm;200;139575
2024-01-01T14:50:28+01:00;2024-01-01;0c1b0f526b4c0085635f51e322293c5a83a100f3;cairn;CAIRN;Cairn;BOOK_SECTION;HTML;9782130608721;;histoire-des-idees-politiques;;Histoire des idées politiques. Tome 1;;histoire-des-idees-politiques--9782130608721-page-315;www.cairn.info;N;f98ba9ca7548f8eeb06b072722b6d2d5ef5e19b6;3.9.2;2023-09-25;1df4e1f;2023-07-26;70ae7649;2023-09-22;filter, parser, deduplicator, istex, crossref, sudoc, hal, enhancer, geolocalizer, cut, on-campus-counter, qualifier, anonymizer;;;;FR;47.7497;7.402;2bddaf3bc488c7a966ae0478b71d73b0b8f1febc;;https://www.cairn.info:443/histoire-des-idees-politiques--9782130608721-page-315.htm;200;265969
2024-01-01T14:52:48+01:00;2024-01-01;0c1b0f526b4c0085635f51e322293c5a83a100f3;cairn;CAIRN;Cairn;TOC;HTML;9782130606789;9782130642848;les-institutions-de-la-monarchie-francaise-a-l-epo;;Les institutions de la monarchie française à l’époque moderne;;les-institutions-de-la-monarchie-francaise-a-l-epo--9782130606789;www.cairn.info;N;9c67affb01f933b6a92a7a78c242868617371fdd;3.9.2;2023-09-25;1df4e1f;2023-07-26;70ae7649;2023-09-22;filter, parser, deduplicator, istex, crossref, sudoc, hal, enhancer, geolocalizer, cut, on-campus-counter, qualifier, anonymizer;;;;FR;47.7497;7.402;2bddaf3bc488c7a966ae0478b71d73b0b8f1febc;;https://www.cairn.info:443/les-institutions-de-la-monarchie-francaise-a-l-epo--9782130606789.htm;200;182446
2024-01-01T15:07:42+01:00;2024-01-01;9242f83814236ce8562cee172aa2bb926d9af577;dalloz;Dalloz;Dalloz;;HTML;;;;;;;ENCY/CIV/RUB000081/2006-05/PLAN006;www.dalloz.fr;N;fce6803e8c69c76fd5a78cb25517fe00b6a06fcf;3.9.2;2023-09-25;1df4e1f;2023-07-26;70ae7649;2023-09-22;filter, parser, deduplicator, istex, crossref, sudoc, hal, enhancer, geolocalizer, cut, on-campus-counter, qualifier, anonymizer;;;;FR;43.2951;5.3861;b0306e2c8320b7157b055664edf4e06369e431ae;;https://www.dalloz.fr:443/documentation/Document?ctxt=0_YSR0MD1DaGFwaXRyZSAxIC0gTGVzIMOpbMOpbWVudHMgZHUgY29uZmxpdCBkZSBsb2lzwqd4JHNmPXNpbXBsZS1zZWFyY2g%3D&ctxtl=0_cyRwYWdlTnVtPTHCp3MkdHJpZGF0ZT1GYWxzZcKncyRzb3J0PSNkZWZhdWx0X0Rlc2PCp3Mkc2xOYlBhZz0yMMKncyRpc2Fibz1UcnVlwqdzJHBhZ2luZz1UcnVlwqdzJG9uZ2xldD3Cp3MkZnJlZXNjb3BlPUZhbHNlwqdzJHdvSVM9RmFsc2XCp3Mkd29TUENIPUZhbHNlwqdzJGZsb3dNb2RlPUZhbHNlwqdzJGJxPcKncyRzZWFyY2hMYWJlbD3Cp3Mkc2VhcmNoQ2xhc3M9&id=ENCY%2FCIV%2FRUB000081%2F2006-05%2FPLAN006;200;290039
2024-01-01T15:25:34+01:00;2024-01-01;a5992f96b5446b066eed99a5b30387f208f602fe;europresse;Europresse;CEDROM-SNi;ARTICLE;PDF;;;;;;;pdf·20231231·NIC_P·1;nouveau.europresse.com;N;d2aa3bc83cb8c7e00fb09acc8aa26b0259bb1a14;3.9.2;2023-09-25;1df4e1f;2023-07-26;70ae7649;2023-09-22;filter, parser, deduplicator, istex, crossref, sudoc, hal, enhancer, geolocalizer, cut, on-campus-counter, qualifier, anonymizer;;;;FR;42.7028;9.45;5d6a47d34e0b600ba547ec5644f290c26a330a31;;https://nouveau.europresse.com:443/Pdf/ImageList?docName=pdf%C2%B720231231%C2%B7NIC_P%C2%B71;200;1377
2024-01-01T15:27:30+01:00;2024-01-01;8edf60eb5481d2b802ae4185faa3929597c5fd41;dalloz;Dalloz;Dalloz;;HTML;;;;;;;ENCY/INTR/RUB000264/2017-04/PLAN020;www.dalloz.fr;N;284ffddb63383e46163c653c9b649c7c37db3b9d;3.9.2;2023-09-25;1df4e1f;2023-07-26;70ae7649;2023-09-22;filter, parser, deduplicator, istex, crossref, sudoc, hal, enhancer, geolocalizer, cut, on-campus-counter, qualifier, anonymizer;;;;FR;43.2832;5.3718;4d30e574a6f54902811871f71773be155e95cf59;;https://www.dalloz.fr:443/documentation/Document?ctxt=0_YSR0MD1MJ2ludGVycHLDqXRhdGlvbiBkZSBsYSBsb2kgw6l0cmFuZ8OocmUgcGFyIGxlIGp1Z2UgZnJhbsOnYWlzwqd4JHNmPXNpbXBsZS1zZWFyY2g%3D&ctxtl=0_cyRwYWdlTnVtPTHCp3MkdHJpZGF0ZT1GYWxzZcKncyRzb3J0PSNkZWZhdWx0X0Rlc2PCp3Mkc2xOYlBhZz0yMMKncyRpc2Fibz1UcnVlwqdzJHBhZ2luZz1UcnVlwqdzJG9uZ2xldD3Cp3MkZnJlZXNjb3BlPUZhbHNlwqdzJHdvSVM9RmFsc2XCp3Mkd29TUENIPUZhbHNlwqdzJGZsb3dNb2RlPUZhbHNlwqdzJGJxPcKncyRzZWFyY2hMYWJlbD3Cp3Mkc2VhcmNoQ2xhc3M9&id=ENCY%2FINTR%2FRUB000264%2F2017-04%2FPLAN020;200;265175
2024-01-01T16:46:23+01:00;2024-01-01;8edf60eb5481d2b802ae4185faa3929597c5fd41;dalloz;Dalloz;Dalloz;;HTML;;;;;;;ENCY/INTR/RUB000264/2017-04/PLAN020;www.dalloz.fr;N;90af8750afcb4ed545a2cd43b35ebae3f6bc9638;3.9.2;2023-09-25;1df4e1f;2023-07-26;70ae7649;2023-09-22;filter, parser, deduplicator, istex, crossref, sudoc, hal, enhancer, geolocalizer, cut, on-campus-counter, qualifier, anonymizer;;;;FR;43.2832;5.3718;1c1d23cfa48f693ac25f712982ceb8901bbddcee;;https://www.dalloz.fr:443/documentation/Document?id=ENCY%2FINTR%2FRUB000264%2F2017-04%2FPLAN020&ctxt=0_YSR0MD1MJ2ludGVycHLDqXRhdGlvbiBkZSBsYSBsb2kgw6l0cmFuZ8OocmUgcGFyIGxlIGp1Z2UgZnJhbsOnYWlzwqd4JHNmPXNpbXBsZS1zZWFyY2g%3D&ctxtl=0_cyRwYWdlTnVtPTHCp3MkdHJpZGF0ZT1GYWxzZcKncyRzb3J0PSNkZWZhdWx0X0Rlc2PCp3Mkc2xOYlBhZz0yMMKncyRpc2Fibz1UcnVlwqdzJHBhZ2luZz1UcnVlwqdzJG9uZ2xldD3Cp3MkZnJlZXNjb3BlPUZhbHNlwqdzJHdvSVM9RmFsc2XCp3Mkd29TUENIPUZhbHNlwqdzJGZsb3dNb2RlPUZhbHNlwqdzJGJxPcKncyRzZWFyY2hMYWJlbD3Cp3Mkc2VhcmNoQ2xhc3M9&scrll=ENCY%2FINTR%2FRUB000264%2F2017-04%2FPLAN019;200;265194
2024-01-01T17:11:54+01:00;2024-01-01;a8281824fb68709eefec656b6b873cfc2cba4bdd;cairn;CAIRN;Cairn;BOOK_SECTION;HTML;9782348043659;9782348044267;les-archives;;Les archives;;les-archives--9782348043659-page-90;www.cairn.info;N;d4afa54e095dcddb193671b49470dc314ab9e102;3.9.2;2023-09-25;1df4e1f;2023-07-26;70ae7649;2023-09-22;filter, parser, deduplicator, istex, crossref, sudoc, hal, enhancer, geolocalizer, cut, on-campus-counter, qualifier, anonymizer;;;;FR;46.6572;-1.5695;27d3d5a16856d6e8e8fd4e52bd9097efa2848aec;;https://www.cairn.info:443/les-archives--9782348043659-page-90.htm;200;141344
2024-01-01T17:12:07+01:00;2024-01-01;a8281824fb68709eefec656b6b873cfc2cba4bdd;cairn;CAIRN;Cairn;BOOK_SECTION;HTML;9782348043659;9782348044267;les-archives;;Les archives;;les-archives--9782348043659-page-77;www.cairn.info;N;1692c3f435e9a648c46872a867530ad224d0851d;3.9.2;2023-09-25;1df4e1f;2023-07-26;70ae7649;2023-09-22;filter, parser, deduplicator, istex, crossref, sudoc, hal, enhancer, geolocalizer, cut, on-campus-counter, qualifier, anonymizer;;;;FR;46.6572;-1.5695;27d3d5a16856d6e8e8fd4e52bd9097efa2848aec;;https://www.cairn.info:443/les-archives--9782348043659-page-77.htm;200;137277
2024-01-01T17:12:09+01:00;2024-01-01;a8281824fb68709eefec656b6b873cfc2cba4bdd;cairn;CAIRN;Cairn;BOOK_SECTION;HTML;9782348043659;9782348044267;les-archives;;Les archives;;les-archives--9782348043659-page-59;www.cairn.info;N;5fc80e753b3471e6a710373591f9ba7cc6f6a510;3.9.2;2023-09-25;1df4e1f;2023-07-26;70ae7649;2023-09-22;filter, parser, deduplicator, istex, crossref, sudoc, hal, enhancer, geolocalizer, cut, on-campus-counter, qualifier, anonymizer;;;;FR;46.6572;-1.5695;27d3d5a16856d6e8e8fd4e52bd9097efa2848aec;;https://www.cairn.info:443/les-archives--9782348043659-page-59.htm;200;159485
2024-01-01T17:12:11+01:00;2024-01-01;a8281824fb68709eefec656b6b873cfc2cba4bdd;cairn;CAIRN;Cairn;BOOK_SECTION;HTML;9782348043659;9782348044267;les-archives;;Les archives;;les-archives--9782348043659-page-40;www.cairn.info;N;b7cee07d724b6f8a81bf84c403a64133a52f6043;3.9.2;2023-09-25;1df4e1f;2023-07-26;70ae7649;2023-09-22;filter, parser, deduplicator, istex, crossref, sudoc, hal, enhancer, geolocalizer, cut, on-campus-counter, qualifier, anonymizer;;;;FR;46.6572;-1.5695;27d3d5a16856d6e8e8fd4e52bd9097efa2848aec;;https://www.cairn.info:443/les-archives--9782348043659-page-40.htm;200;159905
2024-01-01T17:12:12+01:00;2024-01-01;a8281824fb68709eefec656b6b873cfc2cba4bdd;cairn;CAIRN;Cairn;BOOK_SECTION;HTML;9782348043659;9782348044267;les-archives;;Les archives;;les-archives--9782348043659-page-28;www.cairn.info;N;9f09516e5e5f82f67189a41722a3d87bf16b1bde;3.9.2;2023-09-25;1df4e1f;2023-07-26;70ae7649;2023-09-22;filter, parser, deduplicator, istex, crossref, sudoc, hal, enhancer, geolocalizer, cut, on-campus-counter, qualifier, anonymizer;;;;FR;46.6572;-1.5695;27d3d5a16856d6e8e8fd4e52bd9097efa2848aec;;https://www.cairn.info:443/les-archives--9782348043659-page-28.htm;200;128519
2024-01-01T17:16:07+01:00;2024-01-01;8a4e29909a1af0f86215f92b66cc603975f70258;cairn;CAIRN;Cairn;ARTICLE;HTML;0297-2964;2271-8362;revue-recherche-en-soins-infirmiers;;Recherche en soins infirmiers;2021;revue-recherche-en-soins-infirmiers-2021-1-page-105;www.cairn.info;N;d096d5c34b8fcf2963e082dc381de23933bcafa1;3.9.2;2023-09-25;1df4e1f;2023-07-26;70ae7649;2023-09-22;filter, parser, deduplicator, istex, crossref, sudoc, hal, enhancer, geolocalizer, cut, on-campus-counter, qualifier, anonymizer;;;;FR;41.9189;8.7381;face4951151693f9b5dc999700a56ce6789bd4d8;;https://www.cairn.info:443/revue-recherche-en-soins-infirmiers-2021-1-page-105.htm?contenu=resume;200;188602
2024-01-01T17:17:38+01:00;2024-01-01;8a4e29909a1af0f86215f92b66cc603975f70258;cairn;CAIRN;Cairn;TOC;HTML;6561070000;;publications-de-Hesbeen-Walter;;;;publications-de-Hesbeen-Walter--656107;www.cairn.info;N;b0deb440fdf052d9f48276ab7b8b6478fe973e5a;3.9.2;2023-09-25;1df4e1f;2023-07-26;70ae7649;2023-09-22;filter, parser, deduplicator, istex, crossref, sudoc, hal, enhancer, geolocalizer, cut, on-campus-counter, qualifier, anonymizer;;;;FR;41.9189;8.7381;face4951151693f9b5dc999700a56ce6789bd4d8;;https://www.cairn.info:443/publications-de-Hesbeen-Walter--656107.htm?ora.z_ref=cairnSearchAutocomplete;200;56165
2024-01-01T17:21:19+01:00;2024-01-01;8a4e29909a1af0f86215f92b66cc603975f70258;cairn;CAIRN;Cairn;ARTICLE;HTML;0297-2964;2271-8362;revue-recherche-en-soins-infirmiers;;Recherche en soins infirmiers;2015;revue-recherche-en-soins-infirmiers-2015-3-page-90;www.cairn.info;N;dc6e34f47d40f6e1cd551dcbbbf84ed50ee1963f;3.9.2;2023-09-25;1df4e1f;2023-07-26;70ae7649;2023-09-22;filter, parser, deduplicator, istex, crossref, sudoc, hal, enhancer, geolocalizer, cut, on-campus-counter, qualifier, anonymizer;;;;FR;41.9189;8.7381;face4951151693f9b5dc999700a56ce6789bd4d8;;https://www.cairn.info:443/revue-recherche-en-soins-infirmiers-2015-3-page-90.htm;200;147425
2024-01-01T17:21:33+01:00;2024-01-01;8a4e29909a1af0f86215f92b66cc603975f70258;cairn;CAIRN;Cairn;ARTICLE;PDF;0297-2964;2271-8362;RSI;;Recherche en soins infirmiers;;RSI_122_0090;www.cairn.info;N;158aef81c80571c1a5730b12c0d148f40953f769;3.9.2;2023-09-25;1df4e1f;2023-07-26;70ae7649;2023-09-22;filter, parser, deduplicator, istex, crossref, sudoc, hal, enhancer, geolocalizer, cut, on-campus-counter, qualifier, anonymizer;;;;FR;41.9189;8.7381;face4951151693f9b5dc999700a56ce6789bd4d8;;https://www.cairn.info:443/load_pdf.php?ID_ARTICLE=RSI_122_0090&download=1;200;276744
2024-01-01T17:21:50+01:00;2024-01-01;8a4e29909a1af0f86215f92b66cc603975f70258;cairn;CAIRN;Cairn;ARTICLE;HTML;0297-2964;2271-8362;revue-recherche-en-soins-infirmiers;;Recherche en soins infirmiers;2015;revue-recherche-en-soins-infirmiers-2015-3-page-90;www.cairn.info;N;6d5aef0ee4366c6ebe634e181caa2ebb1d6b3cba;3.9.2;2023-09-25;1df4e1f;2023-07-26;70ae7649;2023-09-22;filter, parser, deduplicator, istex, crossref, sudoc, hal, enhancer, geolocalizer, cut, on-campus-counter, qualifier, anonymizer;;;;FR;41.9189;8.7381;face4951151693f9b5dc999700a56ce6789bd4d8;;https://www.cairn.info:443/revue-recherche-en-soins-infirmiers-2015-3-page-90.htm;200;147195
2024-01-01T18:04:16+01:00;2024-01-01;8edf60eb5481d2b802ae4185faa3929597c5fd41;lamyline;Lamyline;Wolters Kluwer France;SEARCH;HTML;;;;;;;;www.lamyline.fr;N;61a370bdf895c10af0e85d934811213975e710e7;3.9.2;2023-09-25;1df4e1f;2023-07-26;70ae7649;2023-09-22;filter, parser, deduplicator, istex, crossref, sudoc, hal, enhancer, geolocalizer, cut, on-campus-counter, qualifier, anonymizer;;;;FR;43.2832;5.3718;dff32dfc8f6f0958f5eddf17981de46e9f5ea194;;https://www.lamyline.fr:443/Content/ResultList.aspx?params=H4sIAAAAAAAEAC2MsXICMQxEv-aucWMI4bjCRTKUzKTg8gHCpxBnhA2SncR_j3xQvJ2VdqVbQa4T_md36NZDiBn5yl2xFscMOaRoZjQEhlIwzzVDPC92x2iuwIbQ_JQzmi9NlmCAIL3UmGK9uIkL9hlO4kbbg88FaJ-8WzUffnGCUwsSz8jv1dleENh_f0Sqb0TpD2dtlwvGLI9XQT6j3rEAHZfqYy1I6DPOx1TYozjbDX6lrJXNq8pLM8pWafO2NXbKoIxjkztZnoa3DQEAAA==WKE;200;49878
2024-01-01T18:06:48+01:00;2024-01-01;8edf60eb5481d2b802ae4185faa3929597c5fd41;lamyline;Lamyline;Wolters Kluwer France;SEARCH;HTML;;;;;;;;www.lamyline.fr;N;fa94abf76b000eee99336e18bd6884faf45bdc32;3.9.2;2023-09-25;1df4e1f;2023-07-26;70ae7649;2023-09-22;filter, parser, deduplicator, istex, crossref, sudoc, hal, enhancer, geolocalizer, cut, on-campus-counter, qualifier, anonymizer;;;;FR;43.2832;5.3718;dff32dfc8f6f0958f5eddf17981de46e9f5ea194;;https://www.lamyline.fr:443/Content/ResultList.aspx?params=H4sIAAAAAAAEACWM0Q7CIAxFv0ZeSMzQbboHXox_sPkBXWkiCY5YYJG_t2QP5-a0vem3ENeFftkGSho4e2xiek1Zm0G7ojE60uh3H84q1S1u9WMXLqQyrMlOnQLMBcIzojXN_U4LrO0Q2RE_qu1UkeZKGWYCxrfy6bVJjROEY3M8TBQIM7k5FkZKtjvd0AgXoR8krk2EUWjz2Bp34SZMU4s_Nk8Y7NEAAAA=WKE;200;52386
2024-01-01T18:07:34+01:00;2024-01-01;8edf60eb5481d2b802ae4185faa3929597c5fd41;lamyline;Lamyline;Wolters Kluwer France;ARTICLE;HTML;;;;;;;;www.lamyline.fr;N;c4c81ecfa08d5256c9e2e92199cf13e40185a6ae;3.9.2;2023-09-25;1df4e1f;2023-07-26;70ae7649;2023-09-22;filter, parser, deduplicator, istex, crossref, sudoc, hal, enhancer, geolocalizer, cut, on-campus-counter, qualifier, anonymizer;;;;FR;43.2832;5.3718;dff32dfc8f6f0958f5eddf17981de46e9f5ea194;;https://www.lamyline.fr:443/Content/Document.aspx?params=H4sIAAAAAAAEABXGQQoCMQwAwN_0EpCkbAUPucj-wH5gSQIWy1az7WJ_L85pPsN8Zvt2rnbA5r3IP7SAdaAEOkCaGkg5S72E5mp-n4yhqPKaEfF6SzHREk7zo7SdI8ZIESnU_bU2edjm8uTsw4I2yfNtTD8TnmyldgAAAA==WKE;200;169746
2024-01-01T18:13:43+01:00;2024-01-01;8edf60eb5481d2b802ae4185faa3929597c5fd41;lamyline;Lamyline;Wolters Kluwer France;ARTICLE;HTML;;;;;;;;www.lamyline.fr;N;e878f4e4df30909816204118a0afb0df23fe3f0f;3.9.2;2023-09-25;1df4e1f;2023-07-26;70ae7649;2023-09-22;filter, parser, deduplicator, istex, crossref, sudoc, hal, enhancer, geolocalizer, cut, on-campus-counter, qualifier, anonymizer;;;;FR;43.2832;5.3718;dff32dfc8f6f0958f5eddf17981de46e9f5ea194;;https://www.lamyline.fr:443/Content/Document.aspx?params=H4sIAAAAAAAEABXGMQ7CMAwAwN9ksYTcklIYvCDY2JoPVLYlIqIG3KRqfg_cdJ-q1oLuhZKuMFuJ_E_nQQt0A0gFzqLAcYvp4LKJ2rURuihCjzv-XDwO59FtamvMC_XYH3HEk0vL65Z50tn4ScGqOskc2lvJfwGoufH1dgAAAA==WKE;200;407962
2024-01-01T19:23:02+01:00;2024-01-01;3bc04fc0757e2e19534364a238fb0bd7d7d1229e;dalloz;Dalloz;Dalloz;;HTML;;;;;;;DZ/ACTION/FAMILLE/2022/L01-T13-C136/PLAN/0040;www.dalloz.fr;N;72b7ef5d654bc5300e310fcc9ad5346ac2daea15;3.9.2;2023-09-25;1df4e1f;2023-07-26;70ae7649;2023-09-22;filter, parser, deduplicator, istex, crossref, sudoc, hal, enhancer, geolocalizer, cut, on-campus-counter, qualifier, anonymizer;;;;FR;43.5312;5.4554;119780c6be3312fafbd95a447f50bbe4748eead2;;https://www.dalloz.fr:443/documentation/Document?ctxt=0_YSR0MD1TdWJzdGl0dXRpb24gY2FwaXRhbCByZW50ZcKneCRzZj1zaW1wbGUtc2VhcmNo&ctxtl=0_cyRwYWdlTnVtPTHCp3MkdHJpZGF0ZT1GYWxzZcKncyRzb3J0PSNkZWZhdWx0X0Rlc2PCp3Mkc2xOYlBhZz0yMMKncyRpc2Fibz1UcnVlwqdzJHBhZ2luZz1UcnVlwqdzJG9uZ2xldD3Cp3MkZnJlZXNjb3BlPUZhbHNlwqdzJHdvSVM9RmFsc2XCp3Mkd29TUENIPUZhbHNlwqdzJGZsb3dNb2RlPUZhbHNlwqdzJGJxPcKncyRzZWFyY2hMYWJlbD3Cp3Mkc2VhcmNoQ2xhc3M9&id=DZ%2FACTION%2FFAMILLE%2F2022%2FL01-T13-C136%2FPLAN%2F0040;200;301250
2024-01-01T19:23:24+01:00;2024-01-01;3bc04fc0757e2e19534364a238fb0bd7d7d1229e;dalloz;Dalloz;Dalloz;;HTML;;;;;;;DZ/REFERENCE/DIVORCE/2021/L03-T32-C322/PLAN/0001;www.dalloz.fr;N;297f7bf8de580231a3422b2bf789903014dca86d;3.9.2;2023-09-25;1df4e1f;2023-07-26;70ae7649;2023-09-22;filter, parser, deduplicator, istex, crossref, sudoc, hal, enhancer, geolocalizer, cut, on-campus-counter, qualifier, anonymizer;;;;FR;43.5312;5.4554;119780c6be3312fafbd95a447f50bbe4748eead2;;https://www.dalloz.fr:443/documentation/Document?ctxt=0_YSR0MD1TdWJzdGl0dXRpb24gY2FwaXRhbCByZW50ZcKneCRzZj1zaW1wbGUtc2VhcmNo&ctxtl=0_cyRwYWdlTnVtPTHCp3MkdHJpZGF0ZT1GYWxzZcKncyRzb3J0PSNkZWZhdWx0X0Rlc2PCp3Mkc2xOYlBhZz0yMMKncyRpc2Fibz1UcnVlwqdzJHBhZ2luZz1UcnVlwqdzJG9uZ2xldD3Cp3MkZnJlZXNjb3BlPUZhbHNlwqdzJHdvSVM9RmFsc2XCp3Mkd29TUENIPUZhbHNlwqdzJGZsb3dNb2RlPUZhbHNlwqdzJGJxPcKncyRzZWFyY2hMYWJlbD3Cp3Mkc2VhcmNoQ2xhc3M9&id=DZ%2FREFERENCE%2FDIVORCE%2F2021%2FL03-T32-C322%2FPLAN%2F0001;200;296726
2024-01-01T19:23:35+01:00;2024-01-01;3bc04fc0757e2e19534364a238fb0bd7d7d1229e;dalloz;Dalloz;Dalloz;;HTML;;;;;;;DZ/REFERENCE/DIVORCE/2021/L00-T01-C014/PLAN/0001;www.dalloz.fr;N;66f28f470aadf5d45c2e9fd9ffe5ddfe5fdbc1db;3.9.2;2023-09-25;1df4e1f;2023-07-26;70ae7649;2023-09-22;filter, parser, deduplicator, istex, crossref, sudoc, hal, enhancer, geolocalizer, cut, on-campus-counter, qualifier, anonymizer;;;;FR;43.5312;5.4554;119780c6be3312fafbd95a447f50bbe4748eead2;;https://www.dalloz.fr:443/documentation/Document?ctxt=0_YSR0MD1TdWJzdGl0dXRpb24gY2FwaXRhbCByZW50ZcKneCRzZj1zaW1wbGUtc2VhcmNo&ctxtl=0_cyRwYWdlTnVtPTHCp3MkdHJpZGF0ZT1GYWxzZcKncyRzb3J0PSNkZWZhdWx0X0Rlc2PCp3Mkc2xOYlBhZz0yMMKncyRpc2Fibz1UcnVlwqdzJHBhZ2luZz1UcnVlwqdzJG9uZ2xldD3Cp3MkZnJlZXNjb3BlPUZhbHNlwqdzJHdvSVM9RmFsc2XCp3Mkd29TUENIPUZhbHNlwqdzJGZsb3dNb2RlPUZhbHNlwqdzJGJxPcKncyRzZWFyY2hMYWJlbD3Cp3Mkc2VhcmNoQ2xhc3M9&id=DZ%2FREFERENCE%2FDIVORCE%2F2021%2FL00-T01-C014%2FPLAN%2F0001;200;293300
2024-01-01T19:25:21+01:00;2024-01-01;3bc04fc0757e2e19534364a238fb0bd7d7d1229e;dalloz;Dalloz;Dalloz;;HTML;;;;;;;DZ/ACTION/FAMILLE/2022/L01-T13-C136/PLAN/0040;www.dalloz.fr;N;9fb9a179b2e961658273717f5c5076d95c866e29;3.9.2;2023-09-25;1df4e1f;2023-07-26;70ae7649;2023-09-22;filter, parser, deduplicator, istex, crossref, sudoc, hal, enhancer, geolocalizer, cut, on-campus-counter, qualifier, anonymizer;;;;FR;43.5312;5.4554;119780c6be3312fafbd95a447f50bbe4748eead2;;https://www.dalloz.fr:443/documentation/Document?id=DZ%2FACTION%2FFAMILLE%2F2022%2FL01-T13-C136%2FPLAN%2F0040&ctxt=0_YSR0MD1TdWJzdGl0dXRpb24gY2FwaXRhbCByZW50ZcKneCRzZj1zaW1wbGUtc2VhcmNo&ctxtl=0_cyRwYWdlTnVtPTHCp3MkdHJpZGF0ZT1GYWxzZcKncyRzb3J0PSNkZWZhdWx0X0Rlc2PCp3Mkc2xOYlBhZz0yMMKncyRpc2Fibz1UcnVlwqdzJHBhZ2luZz1UcnVlwqdzJG9uZ2xldD3Cp3MkZnJlZXNjb3BlPUZhbHNlwqdzJHdvSVM9RmFsc2XCp3Mkd29TUENIPUZhbHNlwqdzJGZsb3dNb2RlPUZhbHNlwqdzJGJxPcKncyRzZWFyY2hMYWJlbD3Cp3Mkc2VhcmNoQ2xhc3M9;200;302272
2024-01-01T19:25:46+01:00;2024-01-01;3bc04fc0757e2e19534364a238fb0bd7d7d1229e;dalloz;Dalloz;Dalloz;;HTML;;;;;;;CCIV030690;www.dalloz.fr;N;0447433eb8f318c7ee0974485e803784b21adfa0;3.9.2;2023-09-25;1df4e1f;2023-07-26;70ae7649;2023-09-22;filter, parser, deduplicator, istex, crossref, sudoc, hal, enhancer, geolocalizer, cut, on-campus-counter, qualifier, anonymizer;;;;FR;43.5312;5.4554;119780c6be3312fafbd95a447f50bbe4748eead2;;https://www.dalloz.fr:443/documentation/Document?ctxt=0_YSR0MD1TdWJzdGl0dXRpb24gY2FwaXRhbCByZW50ZcKneCRzZj1zaW1wbGUtc2VhcmNo&ctxtl=0_cyRwYWdlTnVtPTHCp3MkdHJpZGF0ZT1GYWxzZcKncyRzb3J0PSNkZWZhdWx0X0Rlc2PCp3Mkc2xOYlBhZz0yMMKncyRpc2Fibz1UcnVlwqdzJHBhZ2luZz1UcnVlwqdzJG9uZ2xldD3Cp3MkZnJlZXNjb3BlPUZhbHNlwqdzJHdvSVM9RmFsc2XCp3Mkd29TUENIPUZhbHNlwqdzJGZsb3dNb2RlPUZhbHNlwqdzJGJxPcKncyRzZWFyY2hMYWJlbD3Cp3Mkc2VhcmNoQ2xhc3M9&id=CCIV030690;200;311009
2024-01-01T21:37:53+01:00;2024-01-01;6402c0c679a19ded1fe38a20758688320d3448d3;scifinder-n;Scifinder-n;;SEARCH;HTML;;;;;;;;scifinder-n.cas.org;N;1f6609a5e0ee42504b9c1acf7003cafbe624bf90;3.9.2;2023-09-25;1df4e1f;2023-07-26;70ae7649;2023-09-22;filter, parser, deduplicator, istex, crossref, sudoc, hal, enhancer, geolocalizer, cut, on-campus-counter, qualifier, anonymizer;;;;FR;48.8582;2.3387;4c779c20485a2b39db53ca8b070cbdd751037316;;https://scifinder-n.cas.org:443/internal/api/scifinderResults/6593229c2579b816d89a7c63?responseStreaming=true&shouldReturnFacets=true&appId=fa477e3d-3725-4341-841e-bc3e4e9c3190&drawingToolId=610&sortBy=relevance&sortOrder=descending&uiContext=375&uiSubContext=359;200;1044181
2024-01-01T21:38:03+01:00;2024-01-01;6402c0c679a19ded1fe38a20758688320d3448d3;scifinder-n;Scifinder-n;;SEARCH;HTML;;;;;;;;scifinder-n.cas.org;N;1ba4ee306392cb9636d8d6068dd3ab3a418ccaff;3.9.2;2023-09-25;1df4e1f;2023-07-26;70ae7649;2023-09-22;filter, parser, deduplicator, istex, crossref, sudoc, hal, enhancer, geolocalizer, cut, on-campus-counter, qualifier, anonymizer;;;;FR;48.8582;2.3387;4c779c20485a2b39db53ca8b070cbdd751037316;;https://scifinder-n.cas.org:443/internal/api/scifinderResults/659322a72579b816d89a7c87?responseStreaming=true&shouldReturnFacets=true&appId=fa477e3d-3725-4341-841e-bc3e4e9c3190&metricsResultType=reference&sortBy=relevance&sortOrder=descending&sourceInitiatingActionId=6d0ffca2-35a9-4275-9909-91ed8733bc62&uiContext=365&uiSubContext=551;200;329301
2024-01-01T21:39:08+01:00;2024-01-01;6402c0c679a19ded1fe38a20758688320d3448d3;scifinder-n;Scifinder-n;;RECORD_VIEW;HTML;;;;;;;document/pt/document/11296449;scifinder-n.cas.org;N;9b8a0b4c8b15341a90424ae727b727c920bfc37e;3.9.2;2023-09-25;1df4e1f;2023-07-26;70ae7649;2023-09-22;filter, parser, deduplicator, istex, crossref, sudoc, hal, enhancer, geolocalizer, cut, on-campus-counter, qualifier, anonymizer;;;;FR;48.8582;2.3387;4c779c20485a2b39db53ca8b070cbdd751037316;;https://scifinder-n.cas.org:443/internal/api/scifinderResults/659322e92579b816d89a7deb?appId=fa477e3d-3725-4341-841e-bc3e4e9c3190&cidValue=713&contentUri=document%2Fpt%2Fdocument%2F11296449&metricsOrdinal=21&metricsResultType=reference&sortBy=relevance&sortOrder=descending&sourceInitiatingActionId=e5997e3a-9782-4e48-a3b2-055d5c7b3d86&uiContext=364&uiSubContext=551&responseStreaming=true;200;9923
2024-01-01T22:10:12+01:00;2024-01-01;3bc04fc0757e2e19534364a238fb0bd7d7d1229e;dalloz;Dalloz;Dalloz;;HTML;;;;;;;RTDCIV/CHRON/2003/0238;www.dalloz.fr;N;ca53b072fd6c96b018a8805fdf2052ac3241f664;3.9.2;2023-09-25;1df4e1f;2023-07-26;70ae7649;2023-09-22;filter, parser, deduplicator, istex, crossref, sudoc, hal, enhancer, geolocalizer, cut, on-campus-counter, qualifier, anonymizer;;;;FR;43.5312;5.4554;119780c6be3312fafbd95a447f50bbe4748eead2;;https://www.dalloz.fr:443/documentation/Document?id=RTDCIV%2FCHRON%2F2003%2F0238&FromId=DAFAMILLE_DOC_24;200;303299
2024-01-01T22:10:15+01:00;2024-01-01;3bc04fc0757e2e19534364a238fb0bd7d7d1229e;dalloz;Dalloz;Dalloz;;HTML;;;;;;;RTDCIV/CHRON/2003/0238;www.dalloz.fr;N;a1441a4fbffb79a3454d7c0aa498b986aecedad5;3.9.2;2023-09-25;1df4e1f;2023-07-26;70ae7649;2023-09-22;filter, parser, deduplicator, istex, crossref, sudoc, hal, enhancer, geolocalizer, cut, on-campus-counter, qualifier, anonymizer;;;;FR;43.5312;5.4554;119780c6be3312fafbd95a447f50bbe4748eead2;;https://www.dalloz.fr:443/documentation/Document?ed=etudiants&id=RTDCIV%2FCHRON%2F2003%2F0238&FromId=DAFAMILLE_DOC_24;200;325623
2024-01-01T22:30:31+01:00;2024-01-01;13ae868dcfcee8609b14e42db4cad1c14464ceab;cairn;CAIRN;Cairn;TOC;HTML;9782715409668;9782715410152;action-publique-et-environnement;;Action publique et environnement;;action-publique-et-environnement--9782715409668;www.cairn.info;N;95510d567c3e2c0123da59c8186647f166f375bf;3.9.2;2023-09-25;1df4e1f;2023-07-26;70ae7649;2023-09-22;filter, parser, deduplicator, istex, crossref, sudoc, hal, enhancer, geolocalizer, cut, on-campus-counter, qualifier, anonymizer;;;;FR;41.9189;8.7381;c1b00192d7388ab7e3e094b615374533ca183623;;https://www.cairn.info:443/action-publique-et-environnement--9782715409668.htm;200;96519
2024-01-01T22:49:05+01:00;2024-01-01;3bc04fc0757e2e19534364a238fb0bd7d7d1229e;dalloz;Dalloz;Dalloz;;HTML;;;;;;;AJFAM/IR/2003/0076;www.dalloz.fr;N;c91a22b58a4289152c5ad65d1fc7810fec66536a;3.9.2;2023-09-25;1df4e1f;2023-07-26;70ae7649;2023-09-22;filter, parser, deduplicator, istex, crossref, sudoc, hal, enhancer, geolocalizer, cut, on-campus-counter, qualifier, anonymizer;;;;FR;43.5312;5.4554;119780c6be3312fafbd95a447f50bbe4748eead2;;https://www.dalloz.fr:443/documentation/Document?id=AJFAM%2FIR%2F2003%2F0076&FromId=DAFAMILLE_DOC_24;200;284692
2024-01-02T05:42:40+01:00;2024-01-02;adcf03e48d89d74e41d5d817343138f42a60466d;europresse;Europresse;CEDROM-SNi;ARTICLE;PDF;;;;;;;pdf·20240102·NIC_P·1;nouveau.europresse.com;N;744a3a62b8c29be326f53745a213fd2187c1f5cd;3.9.2;2023-09-25;1df4e1f;2023-07-26;70ae7649;2023-09-22;filter, parser, deduplicator, istex, crossref, sudoc, hal, enhancer, geolocalizer, cut, on-campus-counter, qualifier, anonymizer;;;;FR;42.7028;9.45;5d6a47d34e0b600ba547ec5644f290c26a330a31;;https://nouveau.europresse.com:443/Pdf/ImageList?docName=pdf%C2%B720240102%C2%B7NIC_P%C2%B71;200;1377
2024-01-02T05:43:41+01:00;2024-01-02;adcf03e48d89d74e41d5d817343138f42a60466d;europresse;Europresse;CEDROM-SNi;ARTICLE;PDF;;;;;;;pdf·20240102·NIC_P·2;nouveau.europresse.com;N;fd7952f116a33d59f9f75e0d6b9a3da394777bfc;3.9.2;2023-09-25;1df4e1f;2023-07-26;70ae7649;2023-09-22;filter, parser, deduplicator, istex, crossref, sudoc, hal, enhancer, geolocalizer, cut, on-campus-counter, qualifier, anonymizer;;;;FR;42.7028;9.45;5d6a47d34e0b600ba547ec5644f290c26a330a31;;https://nouveau.europresse.com:443/Pdf/ImageList?docName=pdf%C2%B720240102%C2%B7NIC_P%C2%B72;200;1377
2024-01-02T05:51:12+01:00;2024-01-02;adcf03e48d89d74e41d5d817343138f42a60466d;europresse;Europresse;CEDROM-SNi;ARTICLE;PDF;;;;;;;pdf·20240102·NIC_P·3;nouveau.europresse.com;N;aa7799f741954e5f92400348986330f6bbcad1fe;3.9.2;2023-09-25;1df4e1f;2023-07-26;70ae7649;2023-09-22;filter, parser, deduplicator, istex, crossref, sudoc, hal, enhancer, geolocalizer, cut, on-campus-counter, qualifier, anonymizer;;;;FR;42.7028;9.45;5d6a47d34e0b600ba547ec5644f290c26a330a31;;https://nouveau.europresse.com:443/Pdf/ImageList?docName=pdf%C2%B720240102%C2%B7NIC_P%C2%B73;200;1377
2024-01-02T05:55:44+01:00;2024-01-02;adcf03e48d89d74e41d5d817343138f42a60466d;europresse;Europresse;CEDROM-SNi;ARTICLE;PDF;;;;;;;pdf·20240102·NIC_P·4;nouveau.europresse.com;N;ba1f401b0f29021b5accc881e795362fac34c09f;3.9.2;2023-09-25;1df4e1f;2023-07-26;70ae7649;2023-09-22;filter, parser, deduplicator, istex, crossref, sudoc, hal, enhancer, geolocalizer, cut, on-campus-counter, qualifier, anonymizer;;;;FR;42.7028;9.45;5d6a47d34e0b600ba547ec5644f290c26a330a31;;https://nouveau.europresse.com:443/Pdf/ImageList?docName=pdf%C2%B720240102%C2%B7NIC_P%C2%B74;200;1377
2024-01-02T05:57:42+01:00;2024-01-02;adcf03e48d89d74e41d5d817343138f42a60466d;europresse;Europresse;CEDROM-SNi;ARTICLE;PDF;;;;;;;pdf·20240102·NIC_P·5;nouveau.europresse.com;N;6d996284a45bcf6de4660ba1a05d241198d0f889;3.9.2;2023-09-25;1df4e1f;2023-07-26;70ae7649;2023-09-22;filter, parser, deduplicator, istex, crossref, sudoc, hal, enhancer, geolocalizer, cut, on-campus-counter, qualifier, anonymizer;;;;FR;42.7028;9.45;5d6a47d34e0b600ba547ec5644f290c26a330a31;;https://nouveau.europresse.com:443/Pdf/ImageList?docName=pdf%C2%B720240102%C2%B7NIC_P%C2%B75;200;1377
2024-01-02T05:58:33+01:00;2024-01-02;adcf03e48d89d74e41d5d817343138f42a60466d;europresse;Europresse;CEDROM-SNi;ARTICLE;PDF;;;;;;;pdf·20240102·NIC_P·6;nouveau.europresse.com;N;8a86b8381a8a53e27d6449f718da0b83c760cd3e;3.9.2;2023-09-25;1df4e1f;2023-07-26;70ae7649;2023-09-22;filter, parser, deduplicator, istex, crossref, sudoc, hal, enhancer, geolocalizer, cut, on-campus-counter, qualifier, anonymizer;;;;FR;42.7028;9.45;5d6a47d34e0b600ba547ec5644f290c26a330a31;;https://nouveau.europresse.com:443/Pdf/ImageList?docName=pdf%C2%B720240102%C2%B7NIC_P%C2%B76;200;1376
2024-01-02T05:59:02+01:00;2024-01-02;adcf03e48d89d74e41d5d817343138f42a60466d;europresse;Europresse;CEDROM-SNi;ARTICLE;PDF;;;;;;;pdf·20240102·NIC_P·7;nouveau.europresse.com;N;aa9ccba1d189110198b1364f4523fe7dcee87715;3.9.2;2023-09-25;1df4e1f;2023-07-26;70ae7649;2023-09-22;filter, parser, deduplicator, istex, crossref, sudoc, hal, enhancer, geolocalizer, cut, on-campus-counter, qualifier, anonymizer;;;;FR;42.7028;9.45;5d6a47d34e0b600ba547ec5644f290c26a330a31;;https://nouveau.europresse.com:443/Pdf/ImageList?docName=pdf%C2%B720240102%C2%B7NIC_P%C2%B77;200;1377
2024-01-02T05:59:18+01:00;2024-01-02;adcf03e48d89d74e41d5d817343138f42a60466d;europresse;Europresse;CEDROM-SNi;ARTICLE;PDF;;;;;;;pdf·20240102·NIC_P·8;nouveau.europresse.com;N;a113b99dff97ef273bd0e65ab78bf91c0f98fcbc;3.9.2;2023-09-25;1df4e1f;2023-07-26;70ae7649;2023-09-22;filter, parser, deduplicator, istex, crossref, sudoc, hal, enhancer, geolocalizer, cut, on-campus-counter, qualifier, anonymizer;;;;FR;42.7028;9.45;5d6a47d34e0b600ba547ec5644f290c26a330a31;;https://nouveau.europresse.com:443/Pdf/ImageList?docName=pdf%C2%B720240102%C2%B7NIC_P%C2%B78;200;1377
